pair,game,seed,A_home,A_goals,B_goals,outcome_A,steps,engine_elapsed,display_minute,added_first,added_second,A_passes,B_passes,A_passComplete,B_passComplete,A_progressive,B_progressive,A_passLost,B_passLost,A_duels,B_duels,A_duelsWon,B_duelsWon,A_interceptions,B_interceptions,A_shots,B_shots,A_onTarget,B_onTarget,A_goals,B_goals,A_assists,B_assists,A_saves,B_saves,A_faced,B_faced,A_conceded,B_conceded,A_cleanSheet,B_cleanSheet,A_fouls,B_fouls,A_penaltiesScored,B_penaltiesScored,A_penaltiesMissed,B_penaltiesMissed,A_crosses,B_crosses,A_crossComplete,B_crossComplete,A_highPasses,B_highPasses,A_highComplete,B_highComplete,A_headers,B_headers,A_headerPasses,B_headerPasses,A_volleys,B_volleys,A_aerialDuels,B_aerialDuels,A_aerialWon,B_aerialWon,A_slideAttempts,B_slideAttempts,A_slideWon,B_slideWon,A_offsides,B_offsides,A_throwIns,B_throwIns,A_parries,B_parries,A_fieldBlocks,B_fieldBlocks,A_betterSquare,B_betterSquare,A_keeperChallenges,B_keeperChallenges,A_corners,B_corners,A_freeKicks,B_freeKicks,A_penalties,B_penalties,A_possessionSeconds,B_possessionSeconds
good-good,1,20261004,true,1,0,win,2494,77.5,93,0,3,20,16,15,14,10,8,5,3,8,8,3,5,1,4,3,6,1,4,1,0,1,0,4,0,4,1,0,1,6,0,0,0,0,0,0,0,0,0,0,0,4,3,2,2,0,0,1,0,0,0,3,3,1,2,2,0,0,0,0,0,1,0,1,0,0,0,0,0,0,0,0,0,0,0,0,0,25.507239999998873,19.89000000000006
good-good,2,20365733,false,1,1,draw,3311,83.33333333333333,99,5,5,24,22,16,17,15,9,7,8,12,12,6,4,4,6,4,5,1,3,1,1,1,1,2,0,3,1,1,1,0,0,2,0,0,0,0,0,0,0,0,0,3,2,2,1,0,0,2,0,0,0,3,3,2,1,3,0,1,0,1,0,0,0,1,0,0,0,1,1,0,0,0,0,0,3,0,0,22.825000000000173,27.183000000000337
good-good,3,20470462,true,1,1,draw,2704,78.33333333333333,93,2,2,15,13,13,13,8,5,3,0,3,3,1,2,0,2,5,7,5,3,1,1,1,1,2,4,3,5,1,1,0,0,0,0,0,0,0,0,0,0,0,0,2,0,1,0,0,0,0,0,0,0,2,2,1,1,0,1,0,1,0,0,0,0,1,0,0,0,0,0,0,0,0,0,0,0,0,0,26.910000000000327,24.27766666666541
good-good,4,20575191,false,3,1,win,3414,80.83333333333333,97,5,2,17,26,14,23,7,7,3,4,8,8,5,3,2,3,5,6,4,4,3,1,3,1,3,1,4,4,1,3,0,0,0,0,0,0,0,0,0,1,0,0,2,5,1,4,0,0,0,1,0,0,4,4,1,3,1,0,1,0,0,0,0,0,2,0,0,0,0,0,0,0,0,1,0,0,0,0,21.528000000000123,24.268000000000228
good-good,5,20679920,true,3,3,draw,3856,83.33333333333333,99,5,5,19,17,18,14,9,8,1,3,5,5,3,2,2,1,8,4,5,3,3,3,3,3,0,2,3,5,3,3,0,0,0,0,0,0,0,0,1,1,0,0,1,2,0,0,0,0,0,0,0,0,2,2,1,1,1,0,0,0,0,0,0,0,0,0,0,0,0,0,0,0,0,0,0,0,0,0,22.893000000000175,24.749666666665334
good-good,6,20784649,false,2,0,win,2865,79.16666666666667,95,5,0,16,22,14,20,9,9,2,2,6,6,2,4,2,2,5,6,3,1,2,0,2,0,1,1,1,3,0,2,6,0,0,0,0,0,0,0,2,0,1,0,3,4,1,3,0,0,0,1,0,0,5,5,2,3,0,0,0,0,0,0,0,0,0,1,0,0,0,0,0,0,1,0,0,0,0,0,22.961999999998767,21.606000000000126
good-good,7,20889378,true,0,1,loss,2966,80.83333333333333,97,5,2,20,21,18,20,11,7,2,2,8,8,3,2,1,2,6,5,3,1,0,1,0,1,0,3,1,3,1,0,0,6,1,2,0,0,0,0,0,0,0,0,0,2,0,2,0,0,0,1,0,0,1,1,0,1,2,1,1,0,0,0,0,0,0,2,0,0,0,0,0,0,0,0,2,1,0,0,23.946000000000215,22.864000000000175
good-good,8,20994107,false,0,0,draw,2361,80.83333333333333,97,3,0,20,13,16,12,8,5,4,3,10,10,6,4,1,4,4,5,4,2,0,0,0,0,2,4,2,4,0,0,6,6,0,0,0,0,0,0,2,0,0,0,4,1,1,0,0,0,0,0,0,0,5,5,2,3,0,0,0,0,0,0,0,0,1,2,0,0,0,0,0,0,1,0,0,0,0,0,25.49699999999885,22.77600000000017
good-good,9,21098836,true,1,1,draw,2937,85,102,3,5,20,26,16,21,9,9,5,5,10,10,3,6,5,3,4,5,2,4,1,1,1,1,3,1,4,2,1,1,0,0,0,0,0,0,0,0,0,1,0,1,1,5,1,3,0,0,1,1,0,0,5,5,3,2,0,2,0,1,0,0,0,0,2,0,0,0,0,0,0,0,0,1,0,0,0,0,23.61866666666529,24.258000000000226
good-good,10,21203565,false,0,0,draw,2307,77.5,93,0,3,15,19,13,17,9,7,2,1,4,4,0,4,1,2,5,5,3,2,0,0,0,0,2,3,2,3,0,0,6,6,0,0,0,0,0,0,0,0,0,0,2,2,1,2,0,0,0,0,0,0,2,2,0,2,0,0,0,0,0,1,0,0,1,2,0,0,0,0,0,0,0,0,1,0,0,0,22.113000000000145,24.447999999998714
good-good,11,21308294,true,0,1,loss,2793,81.66666666666667,98,3,5,21,18,17,16,12,10,4,2,7,7,2,5,3,4,4,9,3,6,0,1,0,0,5,3,6,3,1,0,0,6,0,0,0,0,0,0,0,2,0,1,1,4,0,2,0,1,0,0,0,0,5,5,2,3,0,0,0,0,0,0,0,0,4,3,0,0,0,0,1,0,0,2,0,0,0,0,23.946000000000215,18.665666666665103
good-good,12,21413023,false,0,4,loss,3488,86.66666666666666,103,5,5,25,20,21,17,7,8,5,3,8,8,5,3,2,4,5,5,4,5,0,4,0,4,1,4,5,4,4,0,0,6,0,0,0,0,0,0,1,0,0,0,3,4,1,2,0,0,1,0,0,0,3,3,1,2,0,5,0,1,0,0,1,0,0,1,0,0,0,0,0,0,1,0,0,0,0,0,23.413666666665282,23.76100000000021
good-good,13,21517752,true,0,1,loss,2620,79.16666666666667,95,3,2,23,17,18,14,4,7,7,6,16,16,10,6,3,4,4,3,3,2,0,1,0,1,1,3,2,3,1,0,0,6,0,0,0,0,0,0,1,0,0,0,5,3,2,1,0,0,1,0,0,0,5,5,3,2,3,2,2,1,0,0,0,0,1,3,0,0,2,0,0,0,1,0,0,0,0,0,22.425000000000157,21.430666666665303
good-good,14,21622481,false,0,1,loss,2894,82.5,99,5,4,22,18,15,15,11,9,8,3,6,6,1,5,2,4,1,8,0,4,0,1,0,1,3,0,4,0,1,0,0,6,0,0,0,0,0,0,0,0,0,0,5,2,2,1,0,0,0,0,0,0,1,1,0,1,0,2,0,1,1,0,1,2,1,0,0,0,0,0,0,0,0,0,0,1,0,0,25.321000000000268,20.9430000000001
good-good,15,21727210,true,2,1,win,3240,81.66666666666667,98,5,3,17,24,13,21,7,7,5,3,7,7,5,2,3,2,4,7,2,5,2,1,2,1,4,0,5,2,1,2,0,0,0,0,0,0,0,0,0,2,0,1,5,3,3,1,0,0,0,1,0,0,3,3,2,1,0,2,0,1,0,0,0,1,3,0,0,0,0,0,0,0,0,1,0,0,0,0,20.63100000000009,24.096999999998715
good-good,16,21831939,false,1,1,draw,2773,80,96,5,1,19,20,16,16,5,9,5,4,8,8,3,5,5,2,4,5,2,3,1,1,1,1,2,1,3,2,1,1,0,0,0,0,0,0,0,0,0,0,0,0,2,2,1,2,0,0,0,1,0,0,2,2,1,1,0,1,0,1,0,0,0,1,2,0,0,0,0,0,1,0,0,0,0,0,0,0,23.65025333333226,23.400000000000194
good-good,17,21936668,true,2,2,draw,3806,83.33333333333333,99,5,5,15,26,11,23,9,6,3,4,11,11,3,7,2,2,4,6,2,3,2,2,2,1,1,0,3,2,2,2,0,0,1,0,0,0,0,0,0,2,0,0,3,5,1,2,0,0,1,1,0,0,5,5,2,3,1,0,0,0,1,0,1,1,1,0,0,0,0,0,0,0,0,1,0,2,0,0,16.44266666666502,28.743000000000396
good-good,18,22041397,false,0,1,loss,2636,79.16666666666667,95,2,3,13,25,12,20,6,9,2,5,6,6,4,2,5,1,7,3,4,3,0,1,0,1,2,4,3,4,1,0,0,6,0,0,0,0,0,0,1,0,0,0,1,3,0,1,0,0,0,1,0,0,3,3,2,1,0,0,0,0,0,0,0,0,1,3,0,0,0,0,0,1,1,0,0,0,0,0,16.374999999998423,29.445000000000423
good-good,19,22146126,true,1,2,loss,3402,83.33333333333333,99,5,5,24,19,19,17,8,10,4,3,13,13,6,7,1,4,3,6,2,6,1,2,1,2,4,1,6,2,2,1,0,0,0,0,0,0,0,0,0,1,0,0,5,3,3,1,0,0,0,0,0,0,6,6,2,4,0,0,0,0,1,0,0,0,1,0,0,0,0,0,0,0,0,1,0,1,0,0,25.95866666666538,20.16300000000007
good-good,20,22250855,false,0,0,draw,2477,79.16666666666667,95,5,0,21,15,17,9,8,7,4,8,10,10,7,3,5,3,6,3,4,3,0,0,0,0,3,4,3,4,0,0,6,6,0,0,0,0,0,0,0,3,0,0,2,4,1,0,0,0,0,0,0,0,4,4,3,1,2,0,1,0,0,0,1,1,1,3,0,0,1,0,0,0,0,1,0,0,0,0,24.180000000000224,20.046000000000067
good-good,21,22355584,true,1,2,loss,3051,80.83333333333333,97,2,5,20,19,14,16,12,8,8,4,7,7,3,4,2,5,2,7,1,5,1,2,1,2,3,0,5,1,2,1,0,0,0,0,0,0,0,0,1,0,0,0,3,2,1,0,0,0,1,0,0,0,2,2,1,1,0,1,0,0,0,0,1,0,2,0,0,0,0,0,0,0,0,0,0,0,0,0,20.787000000000095,23.275466666665466
good-good,22,22460313,false,2,1,win,2968,81.66566666666667,97,5,3,19,20,16,16,9,7,4,6,7,7,4,3,4,3,5,6,4,4,2,1,2,1,3,2,4,4,1,2,0,0,0,0,0,0,0,0,0,1,0,0,1,2,0,1,0,0,0,0,0,0,2,2,0,2,0,0,0,0,0,0,0,0,1,0,0,0,0,0,0,0,0,1,0,0,0,0,23.673000000000204,26.637000000000317
good-good,23,22565042,true,1,1,draw,3223,83.33333333333333,99,5,5,18,21,16,16,8,7,3,5,15,15,10,4,4,1,7,5,3,3,1,1,1,1,2,2,3,3,1,1,0,0,0,0,0,0,0,0,1,2,1,0,3,4,2,2,0,0,0,1,0,0,4,4,3,1,1,2,0,0,0,0,1,1,1,2,0,0,0,0,0,0,1,1,0,0,0,0,22.26900000000015,23.72240666666565
good-good,24,22669771,false,1,3,loss,3617,83.33333333333333,99,5,5,22,16,20,15,7,8,2,1,10,10,6,3,1,1,6,7,3,5,1,3,1,3,1,2,5,3,3,1,0,0,1,0,0,0,0,0,1,0,0,0,5,0,3,0,0,0,0,0,0,0,1,1,0,1,2,2,0,0,0,0,0,1,1,2,0,0,0,0,0,0,1,0,0,1,0,0,24.33600000000023,22.786000000000172
good-good,25,22774500,true,2,1,win,2886,78.33333333333333,93,2,2,18,20,16,15,10,11,4,5,7,7,1,6,3,3,6,5,6,3,2,1,2,1,2,4,3,6,1,2,0,0,0,0,0,0,0,0,0,0,0,0,1,1,1,0,0,0,0,0,0,0,1,1,0,1,1,2,1,2,0,0,0,0,1,1,0,0,0,0,0,1,0,0,0,0,0,0,23.5950000000002,22.357000000000156
good-good,26,22879229,false,2,0,win,2919,81.66666666666667,98,3,5,14,21,12,20,7,8,2,3,6,6,3,3,1,1,7,4,5,1,2,0,1,0,1,3,1,5,0,2,6,0,0,0,0,0,0,0,1,0,1,0,1,4,1,4,0,0,0,0,0,0,3,3,1,2,3,0,2,0,0,0,0,0,0,2,0,0,0,0,0,0,1,0,0,0,0,0,25.584000000000277,23.34566666666528
good-good,27,22983958,true,0,2,loss,2934,84.16666666666666,100,2,5,19,14,16,13,8,8,3,1,4,4,3,1,0,2,5,6,2,3,0,2,0,2,1,2,3,2,2,0,0,6,0,0,0,0,0,0,0,0,0,0,3,0,1,0,0,0,0,0,0,0,2,2,1,1,1,0,1,0,0,1,0,0,1,0,0,0,0,0,0,0,0,0,1,0,0,0,21.72300000000013,28.756666666665485
good-good,28,23088687,false,1,0,win,2447,76.66666666666667,92,2,0,26,14,23,12,11,5,4,3,6,6,3,3,2,3,4,5,4,2,1,0,1,0,2,3,2,4,0,1,6,0,0,0,0,0,0,0,0,0,0,0,3,1,2,1,0,0,1,0,0,0,2,2,1,1,1,2,0,1,0,0,0,0,0,1,0,0,1,0,0,0,0,0,0,0,0,0,29.513999999999015,15.599999999999918
good-good,29,23193416,true,0,1,loss,2965,83.33333333333333,99,5,5,20,20,18,19,9,11,2,1,8,8,3,4,2,1,6,5,4,3,0,1,0,1,2,4,3,4,1,0,0,6,0,1,0,0,0,0,2,0,1,0,4,1,2,1,1,0,0,1,0,0,3,3,1,2,0,1,0,0,0,0,0,0,1,2,0,0,0,0,1,0,2,0,1,0,0,0,22.79966666666526,26.052000000000294
good-good,30,23298145,false,1,3,loss,3472,83.33333333333333,99,5,5,28,16,20,13,11,8,8,3,2,2,2,0,2,6,3,7,2,5,1,3,1,2,2,1,5,2,3,1,0,0,0,0,0,0,0,0,0,0,0,0,1,2,0,1,0,0,0,0,0,0,0,0,0,0,0,0,0,0,0,0,1,2,1,0,0,0,0,0,0,0,0,0,0,0,0,0,25.194000000000262,22.643666666665254
good-weak,1,20261004,true,1,0,win,2896,80.83333333333333,97,2,5,15,21,11,15,7,9,5,6,5,5,2,3,3,2,5,3,2,0,1,0,1,0,0,1,0,2,0,1,6,0,0,0,0,0,0,0,0,0,0,0,2,2,0,0,0,0,0,0,0,0,1,1,0,1,2,1,1,0,0,1,2,2,0,1,0,0,1,0,0,0,0,0,1,0,0,0,21.443246666666056,22.581000000000163
good-weak,2,20365733,false,4,0,win,3603,83.33333333333333,99,5,5,19,23,18,18,10,10,0,7,6,6,6,0,4,0,8,2,4,0,4,0,4,0,0,0,0,4,0,4,6,0,0,0,0,0,0,0,0,0,0,0,2,2,2,0,0,0,0,0,0,0,3,3,3,0,2,0,2,0,1,0,1,0,0,0,0,0,1,0,0,0,0,0,0,1,0,0,23.04900000000018,23.267666666665278
good-weak,3,20470462,true,3,0,win,3263,83.33333333333333,99,5,5,24,16,23,12,10,8,1,5,5,5,4,1,3,1,9,4,8,2,3,0,2,0,2,5,2,8,0,3,6,0,0,0,0,0,0,0,2,0,2,0,3,2,3,0,0,0,2,0,0,0,3,3,2,1,1,0,1,0,0,0,0,0,1,2,0,0,1,0,0,0,1,0,0,0,0,0,26.218000000000302,18.954000000000025
good-weak,4,20575191,false,3,0,win,3371,83.33333333333333,99,5,5,17,27,15,19,8,10,1,10,7,7,7,0,5,1,7,0,6,0,3,0,3,0,0,3,0,6,0,3,6,0,0,0,0,0,0,0,0,1,0,0,1,5,1,0,0,0,0,0,0,0,1,1,1,0,2,1,2,0,1,0,2,0,0,3,0,0,1,0,0,0,0,0,0,1,0,0,19.744000000000057,21.99600000000014
good-weak,5,20679920,true,4,0,win,3711,82.5,99,4,5,21,21,18,17,8,8,3,5,7,7,4,2,4,2,9,2,6,1,4,0,4,0,1,2,1,6,0,4,6,0,0,1,0,0,0,0,2,0,1,0,5,2,3,0,0,0,0,0,0,0,3,3,2,1,1,1,0,0,0,0,0,0,0,2,0,0,0,0,0,0,2,0,1,0,0,0,23.01000000000018,21.668666666665217
good-weak,6,20784649,false,1,0,win,2719,80,96,4,2,11,27,11,25,9,12,0,4,6,6,2,3,0,0,6,2,5,0,1,0,1,0,0,4,0,5,0,1,6,0,0,1,0,0,0,0,0,0,0,0,1,0,1,0,0,0,0,0,0,0,0,0,0,0,2,1,1,0,0,0,0,0,0,1,0,0,0,0,0,0,0,0,1,0,0,0,18.095999999999993,28.8210000000004
good-weak,7,20889378,true,1,0,win,3260,83.33333333333333,99,5,5,23,19,18,13,8,7,3,5,10,10,6,4,3,2,7,2,4,0,1,0,1,0,0,3,0,4,0,1,6,0,0,0,0,0,0,0,3,0,1,0,5,3,2,0,0,0,1,0,0,0,3,3,1,2,1,0,0,0,2,0,1,1,0,3,0,1,1,0,0,1,1,0,0,2,0,0,24.726000000000244,15.804999999999916
good-weak,8,20994107,false,2,0,win,3133,81.66666666666667,98,5,3,22,22,20,14,8,10,1,8,5,5,5,0,7,1,9,1,7,0,2,0,2,0,0,5,0,7,0,2,6,0,0,0,0,0,0,0,1,0,1,0,3,2,3,0,1,0,1,0,0,0,3,3,3,0,0,0,0,0,1,0,0,0,0,4,0,0,1,0,0,1,1,0,0,1,0,0,26.364000000000306,18.876000000000023
good-weak,9,21098836,true,3,0,win,3532,83.33333333333333,99,5,5,24,18,23,12,7,8,1,6,8,8,6,1,2,0,8,1,7,0,3,0,3,0,0,4,0,7,0,3,6,0,0,1,0,0,0,0,1,0,0,0,3,2,2,0,0,0,1,0,0,0,2,2,2,0,0,4,0,0,0,0,2,0,0,4,0,0,0,0,0,0,1,0,1,0,0,0,26.910000000000327,13.805999999999932
good-weak,10,21203565,false,2,0,win,3252,83.33333333333333,99,5,5,20,23,18,19,11,12,0,4,4,4,2,1,3,0,7,4,7,1,2,0,1,0,1,5,1,7,0,2,6,0,0,1,0,0,0,0,0,0,0,0,4,0,4,0,0,0,1,0,0,0,0,0,0,0,0,1,0,0,1,0,0,0,1,3,0,0,0,0,0,1,0,0,1,1,0,0,22.20100000000015,20.826000000000096
good-weak,11,21308294,true,3,0,win,3548,83.33333333333333,99,5,5,15,26,14,20,9,11,0,6,3,3,1,1,5,0,7,2,4,0,3,0,3,0,0,1,0,4,0,3,6,0,0,1,0,0,0,0,0,0,0,0,2,2,1,0,0,0,0,0,0,0,0,0,0,0,0,1,0,0,1,0,1,0,0,1,0,0,0,0,0,0,0,0,1,1,0,0,24.804000000000247,22.123000000000147
good-weak,12,21413023,false,2,0,win,2760,82.5,99,5,0,23,18,23,13,6,8,1,7,12,12,11,1,4,0,7,1,6,0,2,0,2,0,0,4,0,6,0,2,6,0,0,0,0,0,0,0,0,0,0,0,5,2,5,0,0,0,2,0,0,0,4,4,4,0,2,2,2,0,0,0,0,0,0,0,0,0,1,0,0,0,0,0,0,0,0,0,26.598000000000315,21.46000000000012
good-weak,13,21517752,true,6,0,win,4074,83.33333333333333,99,5,5,24,25,22,17,7,7,2,9,9,9,7,2,4,1,9,0,7,0,6,0,4,0,0,1,0,7,0,6,6,0,0,0,0,0,0,0,1,0,1,0,4,2,4,0,0,0,2,0,0,0,3,3,3,0,2,0,1,0,0,0,1,1,0,1,0,0,1,0,0,0,1,0,0,0,0,0,24.60900000000024,18.730000000000018
good-weak,14,21622481,false,3,1,win,3292,80.83333333333333,97,5,2,15,27,12,21,8,11,3,6,3,3,3,0,2,1,5,2,3,1,3,1,3,1,0,0,1,3,1,3,0,0,0,0,0,0,0,0,1,0,0,0,2,2,0,1,0,0,0,1,0,0,0,0,0,0,0,0,0,0,0,0,1,1,0,0,0,0,1,0,0,0,0,0,0,0,0,0,19.539000000000048,22.73700000000017
good-weak,15,21727210,true,3,0,win,3702,83.33333333333333,99,5,5,20,24,18,20,10,7,2,3,7,7,4,1,2,1,7,3,6,0,3,0,3,0,0,3,0,6,0,3,6,0,0,2,0,0,0,0,1,0,1,0,4,2,3,1,0,0,0,1,0,0,1,1,1,0,1,5,0,0,0,0,1,0,0,2,0,0,0,0,0,0,1,0,2,0,0,0,24.219000000000225,21.46000000000012
good-weak,16,21831939,false,4,0,win,3579,83.33333333333333,99,5,5,17,25,15,19,7,10,2,8,6,6,4,2,4,1,8,2,8,2,4,0,3,0,2,4,2,8,0,4,6,0,0,0,0,0,0,0,1,0,0,0,6,3,4,2,0,0,0,1,0,0,3,3,2,1,0,0,0,0,0,0,0,1,1,2,0,0,0,0,0,0,1,0,0,0,0,0,20.18666666666516,22.425000000000157
good-weak,17,21936668,true,3,0,win,3400,82.5,99,5,4,23,18,23,11,7,9,0,6,10,10,7,2,4,0,8,1,5,1,3,0,3,0,1,2,1,5,0,3,6,0,1,0,0,0,0,0,0,0,0,0,1,2,1,1,0,0,0,0,0,0,1,1,1,0,2,3,0,0,0,1,0,0,0,2,0,0,2,0,0,0,0,0,1,1,0,0,29.13300000000041,16.818999999999946
good-weak,18,22041397,false,3,0,win,3006,79.16666666666667,95,5,0,21,21,20,13,9,10,2,8,4,4,3,1,3,1,7,1,4,1,3,0,3,0,1,1,1,4,0,3,6,0,0,0,0,0,0,0,0,0,0,0,1,0,1,0,0,0,1,0,0,0,1,1,1,0,0,1,0,0,0,0,0,0,1,1,0,0,1,0,0,0,0,0,0,0,0,0,23.907000000000213,18.408000000000005
good-weak,19,22146126,true,3,0,win,3128,84.16666666666666,100,5,2,21,17,19,13,7,7,2,6,9,9,6,3,2,1,8,2,7,0,3,0,3,0,0,4,0,7,0,3,6,0,0,0,0,0,0,0,0,0,0,0,5,3,3,1,0,0,1,0,0,0,4,4,1,3,2,0,2,0,0,0,0,1,0,2,0,0,0,0,0,0,0,0,0,0,0,0,26.217666666665483,16.545999999999935
good-weak,20,22250855,false,2,0,win,3289,83.33333333333333,99,5,5,15,20,12,14,6,9,3,8,10,10,6,4,5,1,11,2,8,0,2,0,2,0,0,6,0,8,0,2,6,0,0,0,0,0,0,0,2,0,0,0,3,2,0,1,0,0,0,0,0,0,3,3,1,2,2,2,1,0,0,0,1,2,0,4,0,0,1,0,0,0,2,0,0,0,0,0,23.5560000000002,22.136666666665235
good-weak,21,22355584,true,3,0,win,3390,83.33333333333333,99,5,5,16,24,13,22,10,11,3,6,8,8,5,1,2,3,7,3,6,2,3,0,3,0,2,3,2,6,0,3,6,0,1,1,0,0,0,0,0,0,0,0,2,1,1,1,0,0,0,0,0,0,1,1,0,1,3,1,3,0,0,0,0,0,0,2,0,0,1,0,0,1,0,0,1,1,0,0,21.801000000000133,25.95866666666538
good-weak,22,22460313,false,1,0,win,2801,81.66666666666667,98,5,3,22,15,20,14,7,10,2,4,12,12,11,0,1,2,7,3,5,2,1,0,1,0,2,4,2,5,0,1,6,0,1,0,0,0,0,0,3,0,2,0,8,0,6,0,0,0,3,0,0,0,6,6,6,0,1,0,1,0,0,0,0,0,1,3,0,0,0,0,0,1,1,0,0,1,0,0,23.86800000000021,20.00199999999856
good-weak,23,22565042,true,2,0,win,2966,80.83333333333333,97,2,5,19,23,17,16,10,12,1,7,8,8,6,1,7,1,7,1,4,0,2,0,2,0,0,2,0,4,0,2,6,0,0,1,0,0,0,0,0,1,0,0,4,1,3,0,0,0,1,0,0,0,3,3,3,0,0,1,0,0,0,0,0,0,0,2,0,0,0,0,0,1,0,0,1,0,0,0,21.65500000000013,22.893000000000175
good-weak,24,22669771,false,1,0,win,2726,80,96,4,2,12,26,11,20,4,7,1,7,5,5,4,0,6,0,8,0,5,0,1,0,0,0,0,4,0,5,0,1,6,0,0,1,0,0,0,0,1,0,0,0,3,3,2,0,0,0,0,0,0,0,1,1,1,0,1,1,1,0,0,0,0,1,0,3,0,0,0,0,0,2,0,0,1,0,0,0,17.042999999999953,26.130000000000297
good-weak,25,22774500,true,1,0,win,2590,79.16666666666667,95,5,0,29,13,25,10,6,5,4,4,7,7,5,2,3,3,4,3,3,0,1,0,1,0,0,2,0,3,0,1,6,0,0,0,0,0,0,0,3,0,2,0,6,1,4,0,0,0,3,0,0,0,3,3,2,1,2,1,1,0,0,0,0,1,0,2,0,0,1,0,0,0,1,0,0,0,0,0,30.215999999999042,14.00099999999993
good-weak,26,22879229,false,2,0,win,3102,80.83333333333333,97,2,5,14,23,14,18,7,14,0,5,5,5,4,0,4,0,9,3,6,2,2,0,2,0,2,4,2,6,0,2,6,0,0,1,0,0,0,0,0,0,0,0,0,0,0,0,0,0,0,0,0,0,0,0,0,0,1,1,1,0,0,1,0,0,1,1,0,0,0,0,0,1,0,0,2,0,0,0,20.14766666666516,26.44200000000031
good-weak,27,22983958,true,2,0,win,2791,78.33333333333333,93,0,4,19,21,17,17,6,5,2,5,6,6,5,1,4,0,6,1,4,0,2,0,1,0,0,3,0,4,0,2,6,0,0,0,0,0,0,0,2,0,1,0,4,1,3,0,0,0,1,0,0,0,2,2,2,0,0,0,0,0,1,0,0,0,0,2,0,0,1,0,0,0,0,0,0,1,0,0,24.531000000000237,19.82200000000006
good-weak,28,23088687,false,3,0,win,3395,86.66666666666666,103,5,5,24,19,23,13,9,9,0,8,5,5,5,0,4,0,9,1,7,0,3,0,1,0,0,4,0,7,0,3,6,0,0,0,0,0,0,0,0,0,0,0,3,0,3,0,0,0,1,0,0,0,1,1,1,0,1,1,1,0,1,0,0,0,0,3,0,0,0,0,0,0,0,0,0,1,0,0,29.575666666665516,16.506999999999934
good-weak,29,23193416,true,5,0,win,3720,83.33333333333333,99,5,5,18,28,16,20,7,10,2,9,6,6,4,2,6,1,8,1,7,1,5,0,3,0,1,2,1,7,0,5,6,0,0,0,0,0,0,0,0,0,0,0,2,4,0,1,0,0,0,0,0,0,3,3,2,1,2,0,2,0,0,1,0,0,0,1,0,0,0,0,0,0,0,0,1,0,0,0,20.069666666665157,23.205000000000187
good-weak,30,23298145,false,4,0,win,3915,83.33333333333333,99,5,5,24,22,22,15,9,9,2,8,13,13,11,1,4,0,7,1,6,1,4,0,4,0,1,2,1,6,0,4,6,0,0,1,0,0,0,0,0,1,0,0,3,2,1,0,0,0,0,0,0,0,4,4,4,0,1,3,1,0,0,1,0,0,1,0,0,0,0,0,0,0,0,1,2,0,0,0,24.024000000000218,19.734000000000055
weak-weak,1,20261004,true,0,1,loss,2693,80,96,4,2,22,20,17,16,8,7,5,4,6,6,2,4,3,3,1,3,1,1,0,1,0,1,0,1,1,1,1,0,0,6,0,0,0,0,0,0,2,0,0,0,3,3,0,1,0,0,0,0,0,0,3,3,1,2,0,1,0,1,1,0,0,0,0,0,0,0,0,0,0,0,0,0,0,1,0,0,23.088000000000182,20.962666666665285
weak-weak,2,20365733,false,0,1,loss,2592,78.33333333333333,93,4,0,22,22,19,18,10,10,5,3,5,5,2,3,2,2,3,4,2,2,0,1,0,1,1,2,2,2,1,0,0,6,0,0,0,0,0,0,0,0,0,0,2,3,2,2,0,0,1,1,0,0,3,3,2,1,0,1,0,1,0,0,1,1,0,0,0,0,0,0,0,0,0,0,0,0,0,0,22.191000000000148,22.70800000000017
weak-weak,3,20470462,true,0,0,draw,2199,78.33333333333333,93,0,0,22,13,22,12,8,10,0,1,4,4,3,1,1,0,4,4,0,4,0,0,0,0,4,0,4,0,0,0,6,6,0,0,0,0,0,0,0,0,0,0,0,1,0,1,0,0,0,0,0,0,1,1,0,1,0,0,0,0,0,0,0,0,2,0,0,0,0,0,0,0,0,0,0,0,0,0,24.98999999999883,17.042999999999953
weak-weak,4,20575191,false,0,1,loss,2802,79.16666666666667,95,0,5,25,15,20,11,8,5,5,5,10,10,5,5,3,1,2,2,1,2,0,1,0,1,1,1,2,1,1,0,0,6,0,0,0,0,0,0,1,1,0,0,4,2,1,0,0,0,0,0,0,0,2,2,1,1,2,3,1,1,1,0,1,2,0,1,0,0,0,0,0,0,0,0,0,1,0,0,27.924000000000365,15.28799999999992
weak-weak,5,20679920,true,0,0,draw,2558,83.33333333333333,99,3,3,15,23,12,20,7,5,3,3,5,5,1,4,1,3,4,3,4,2,0,0,0,0,2,4,2,4,0,0,6,6,0,0,0,0,0,0,1,1,0,0,3,3,0,2,0,0,0,1,0,0,2,2,1,1,0,0,0,0,0,0,0,0,1,4,0,0,0,0,0,0,1,1,0,0,0,0,18.330000000000002,21.249999999998593
weak-weak,6,20784649,false,0,0,draw,2452,79.16666666666667,95,0,5,26,14,23,12,9,10,3,1,5,5,3,2,0,2,2,4,0,2,0,0,0,0,2,0,2,0,0,0,6,6,0,0,0,0,0,0,1,0,0,0,1,1,0,0,0,0,0,0,0,0,1,1,0,1,0,1,0,0,0,1,1,0,1,0,0,0,0,0,0,0,0,0,1,0,0,0,26.820566666665584,15.36599999999992
weak-weak,7,20889378,true,0,2,loss,2923,80.83333333333333,97,2,5,20,13,14,12,12,7,6,1,2,2,0,2,1,2,2,8,1,3,0,2,0,2,1,1,3,1,2,0,0,6,0,0,0,0,0,0,1,0,0,0,3,0,0,0,0,0,0,0,0,0,0,0,0,0,1,0,0,0,0,0,0,2,0,0,0,0,0,0,0,0,0,0,0,0,0,0,26.15054666666603,18.486000000000008
weak-weak,8,20994107,false,0,2,loss,3310,83.33333333333333,99,5,5,21,21,19,18,9,9,2,2,9,9,5,4,1,1,3,4,3,3,0,2,0,2,2,3,3,3,2,0,0,6,0,0,0,0,0,0,1,1,1,0,1,3,1,1,0,0,0,1,0,0,2,2,2,0,2,2,0,1,1,1,0,0,2,1,0,0,0,0,0,0,1,0,1,1,0,0,18.08066666666508,24.765000000000246
weak-weak,9,21098836,true,1,0,win,2690,79.16666666666667,95,0,5,19,21,15,18,11,8,4,3,8,8,2,6,2,0,2,3,1,1,1,0,0,0,1,1,1,1,0,1,6,0,0,0,0,0,0,0,1,1,0,1,4,1,1,1,0,0,0,0,0,0,1,1,0,1,0,1,0,1,1,0,0,0,0,1,0,0,0,0,0,0,0,0,0,1,0,0,22.50300000000016,21.278666666665202
weak-weak,10,21203565,false,0,0,draw,3119,83.33333333333333,99,5,5,18,20,15,14,9,13,2,5,3,3,0,2,1,0,5,3,2,2,0,0,0,0,2,2,2,2,0,0,6,6,1,0,0,0,0,0,0,2,0,0,3,4,1,0,0,0,0,0,0,0,0,0,0,0,1,0,0,0,1,1,1,0,2,2,0,0,0,0,0,0,0,1,1,2,0,0,17.47199999999997,21.68400000000013
weak-weak,11,21308294,true,0,1,loss,2786,80.83333333333333,97,5,2,18,16,14,13,8,8,5,3,5,5,3,2,2,1,2,5,0,3,0,1,0,1,2,0,3,0,1,0,0,6,0,0,0,0,0,0,2,0,1,0,2,1,1,0,0,0,0,0,0,0,1,1,1,0,0,2,0,0,1,0,0,1,1,0,0,0,0,0,0,0,0,0,0,1,0,0,23.946000000000215,18.991606666665533
weak-weak,12,21413023,false,0,0,draw,2634,80.83333333333333,97,2,5,19,22,15,16,5,8,6,8,9,9,3,6,2,2,2,3,0,2,0,0,0,0,2,0,2,0,0,0,6,6,0,0,0,0,0,0,0,1,0,0,3,4,0,0,0,0,0,0,0,0,1,1,0,1,3,2,2,1,0,0,1,2,1,0,0,0,0,0,0,0,0,1,0,0,0,0,20.32900000000008,22.50300000000016
weak-weak,13,21517752,true,0,0,draw,2547,79.16666666666667,95,0,5,18,20,14,18,10,11,3,2,4,4,2,2,1,1,2,4,0,2,0,0,0,0,2,0,2,0,0,0,6,6,0,0,0,0,0,0,1,0,0,0,2,1,1,0,0,0,0,0,0,0,1,1,0,1,0,0,0,0,1,0,0,1,1,0,0,0,0,0,0,0,0,0,0,1,0,0,19.940966666665574,19.89000000000006
weak-weak,14,21622481,false,0,1,loss,3201,83.33333333333333,99,5,5,26,21,19,15,9,5,7,5,3,3,0,3,1,4,1,4,0,4,0,1,0,1,3,0,4,0,1,0,0,6,0,0,0,0,0,0,1,2,0,2,2,4,0,2,0,0,0,0,0,0,3,3,0,3,0,0,0,0,0,1,2,1,2,0,0,0,0,1,0,0,0,2,1,0,0,0,22.48766666666525,18.095999999999993
weak-weak,15,21727210,true,0,0,draw,2634,82.5,99,5,4,21,23,18,15,7,12,7,6,7,7,2,5,5,2,1,3,0,2,0,0,0,0,2,0,2,0,0,0,6,6,0,0,0,0,0,0,0,1,0,0,2,2,2,0,0,0,2,0,0,0,2,2,1,1,0,3,0,3,0,2,0,0,1,0,0,0,0,0,0,0,0,0,2,0,0,0,19.666000000000054,22.035000000000142
weak-weak,16,21831939,false,0,1,loss,2460,76.66666666666667,92,2,0,27,9,23,7,5,4,3,2,6,6,5,1,1,0,2,2,0,2,0,1,0,1,1,0,2,0,1,0,0,6,0,0,0,0,0,0,1,1,0,0,4,2,1,0,0,0,0,0,0,0,1,1,1,0,0,1,0,0,0,0,0,0,1,0,0,0,0,0,0,0,0,0,0,0,0,0,26.218000000000302,12.245999999999944
weak-weak,17,21936668,true,1,0,win,2974,79.16666666666667,95,5,0,21,17,17,12,7,7,4,5,11,11,5,5,3,0,4,2,2,0,1,0,0,0,0,1,0,2,0,1,6,0,0,1,1,0,0,0,2,1,1,0,3,4,1,0,1,0,0,0,0,0,2,2,2,0,2,0,0,0,0,0,1,2,0,1,0,0,1,0,0,0,1,0,0,0,1,0,23.166000000000185,18.252
weak-weak,18,22041397,false,0,1,loss,2923,80.83333333333333,97,5,2,25,15,21,13,12,8,3,1,2,2,1,1,0,1,2,4,0,2,0,1,0,1,1,0,2,0,1,0,0,6,0,0,0,0,0,0,2,0,0,0,3,2,0,1,0,0,0,1,0,0,1,1,0,1,0,0,0,0,1,1,0,1,0,0,0,0,0,0,0,0,0,0,1,1,0,0,26.286000000000303,14.931706666665413
weak-weak,19,22146126,true,1,1,draw,3456,83.33333333333333,99,5,5,25,25,19,19,15,8,5,6,4,4,2,1,5,2,3,3,1,1,1,1,1,1,0,0,1,1,1,1,0,0,0,1,0,0,0,0,0,0,0,0,2,1,1,1,0,0,0,1,0,0,0,0,0,0,0,2,0,1,2,0,0,0,0,0,0,0,0,0,0,0,0,0,1,2,0,0,23.127000000000184,19.523666666665136
weak-weak,20,22250855,false,2,0,win,3219,86.66666666666666,103,5,5,20,23,18,18,11,6,2,6,4,4,3,0,2,1,4,2,3,1,2,0,2,0,1,1,1,3,0,2,6,0,0,1,0,0,0,0,0,3,0,0,0,3,0,0,0,0,0,0,0,0,0,0,0,0,1,1,1,0,0,0,0,0,1,1,0,0,0,0,0,0,0,1,1,0,0,0,24.63266666666533,23.361000000000193
weak-weak,21,22355584,true,0,0,draw,2476,79.16666666666667,95,0,5,15,19,12,16,8,9,3,3,4,4,2,2,1,1,4,4,1,1,0,0,0,0,1,1,1,1,0,0,6,6,0,0,0,0,0,0,2,0,0,0,2,4,0,1,0,0,0,0,0,0,1,1,0,1,0,0,0,0,0,0,1,0,0,1,0,0,1,0,0,0,1,0,0,0,0,0,20.261546666665495,21.41100000000012
weak-weak,22,22460313,false,1,1,draw,3067,79.16666666666667,95,5,0,27,15,23,10,7,8,4,6,4,4,3,1,3,0,5,2,4,2,1,1,1,1,1,3,2,4,1,1,0,0,0,0,0,0,0,0,1,0,0,0,2,3,1,0,0,0,0,0,0,0,1,1,1,0,1,1,1,0,0,0,1,1,0,3,0,0,0,0,0,0,1,0,0,0,0,0,24.06300000000022,15.28799999999992
weak-weak,23,22565042,true,0,0,draw,2636,81.66666666666667,98,4,4,16,19,11,15,10,10,6,5,7,7,5,2,2,0,3,4,1,2,0,0,0,0,2,1,2,1,0,0,6,6,0,0,0,0,0,0,1,0,0,0,2,3,1,0,0,0,1,0,0,0,3,3,3,0,1,1,0,0,0,0,2,2,1,0,0,0,1,0,0,0,0,0,0,0,0,0,19.15989333333252,22.191000000000148
weak-weak,24,22669771,false,0,1,loss,2417,76.66666666666667,92,2,0,26,19,21,17,7,7,5,2,4,4,2,2,1,1,1,3,0,2,0,1,0,1,1,0,2,0,1,0,0,6,0,0,0,0,0,0,0,0,0,0,2,1,0,1,0,0,0,0,0,0,2,2,0,2,0,0,0,0,0,0,0,0,1,0,0,0,0,0,0,0,0,0,0,0,0,0,22.77600000000017,17.22899999999855
weak-weak,25,22774500,true,2,0,win,3003,82.5,99,5,4,23,18,19,14,10,7,5,5,5,5,3,2,3,2,2,4,1,1,2,0,2,0,1,0,1,1,0,2,6,0,0,0,0,0,0,0,0,0,0,0,2,2,2,0,0,0,1,0,0,0,1,1,1,0,0,2,0,1,1,0,0,0,0,0,0,0,0,0,0,0,0,0,0,1,0,0,28.236000000000377,18.105999999999995
weak-weak,26,22879229,false,1,0,win,2629,79.16666666666667,95,3,2,15,23,10,19,10,9,4,6,7,7,5,2,4,3,5,4,4,2,1,0,1,0,2,3,2,4,0,1,6,0,0,0,0,0,0,0,0,1,0,0,1,3,0,0,0,0,0,0,0,0,3,3,3,0,1,0,1,0,1,0,0,0,2,1,0,0,0,0,0,0,0,1,0,1,0,0,18.134999999999994,23.907000000000213
weak-weak,27,22983958,true,1,0,win,2922,80.83333333333333,97,2,5,22,24,20,21,8,8,0,2,6,6,3,3,0,0,3,2,2,0,1,0,1,0,0,1,0,2,0,1,6,0,0,0,0,0,0,0,1,0,1,0,2,4,1,2,0,0,0,2,0,0,2,2,1,1,0,0,0,0,1,1,0,0,0,1,0,0,0,0,0,0,0,0,1,1,0,0,21.811000000000135,19.695000000000054
weak-weak,28,23088687,false,0,0,draw,2433,78.33333333333333,93,0,4,23,14,19,12,9,8,3,1,3,3,1,2,0,2,3,4,1,1,0,0,0,0,1,1,1,1,0,0,6,6,0,0,0,0,0,0,0,1,0,0,2,1,1,0,0,0,0,0,0,0,0,0,0,0,1,1,0,0,1,1,0,0,0,0,0,0,0,0,0,0,0,0,1,1,0,0,23.712000000000206,19.968000000000064
weak-weak,29,23193416,true,1,0,win,2641,79.16666666666667,95,3,2,16,18,15,14,10,10,1,4,1,1,1,0,1,0,5,3,3,1,1,0,1,0,1,2,1,3,0,1,6,0,0,0,0,0,0,0,1,0,0,0,2,3,1,1,0,0,0,1,0,0,0,0,0,0,0,1,0,0,0,0,0,1,0,1,0,0,0,0,0,0,0,0,0,0,0,0,24.55066666666542,20.67000000000009
weak-weak,30,23298145,false,0,0,draw,2774,79.16666666666667,95,0,5,19,22,14,19,12,9,2,2,2,2,0,2,1,1,1,4,0,4,0,0,0,0,4,0,4,0,0,0,6,6,0,0,0,0,0,0,0,0,0,0,1,3,0,1,0,0,0,1,0,0,1,1,0,1,1,0,0,0,2,1,0,0,0,0,0,0,0,0,0,0,0,0,1,2,0,0,19.900000000000063,22.074000000000144
