pair,game,seed,aHome,goalsA,goalsB,pointsA,shotsA,shotsB,onTargetA,onTargetB,goalsA,goalsB,passesA,passesB,passCompleteA,passCompleteB,duelsA,duelsB,duelsWonA,duelsWonB,offsidesA,offsidesB,savesCaughtA,savesCaughtB,savesParriedA,savesParriedB,shotConcededA,shotConcededB,nonShotConcededA,nonShotConcededB,shotsInterruptedA,shotsInterruptedB
gap-0,1,20261004,true,1,2,0,3,7,2,5,1,2,19,21,16,17,14,14,4,10,0,1,2,0,1,1,2,1,0,0,0,0
gap-0,2,20365733,false,0,2,0,4,4,2,3,0,2,22,26,16,23,7,7,1,4,0,1,1,0,0,2,2,0,0,0,0,0
gap-0,3,20470462,true,0,1,0,5,5,3,3,0,1,18,14,16,14,6,6,5,0,0,0,2,1,0,2,1,0,0,0,0,0
gap-0,4,20575191,false,0,0,1,4,5,2,3,0,0,18,20,15,17,7,7,5,2,1,0,1,1,2,1,0,0,0,0,0,0
gap-0,5,20679920,true,0,0,1,3,3,0,1,0,0,24,17,21,16,6,6,2,3,0,0,1,0,0,0,0,0,0,0,0,0
gap-0,6,20784649,false,1,0,3,3,6,2,3,1,0,25,11,22,11,5,5,3,2,0,0,0,0,3,1,0,1,0,0,0,0
gap-0,7,20889378,true,0,0,1,2,7,0,4,0,0,22,17,17,16,7,7,2,3,0,0,2,0,2,0,0,0,0,0,0,0
gap-0,8,20994107,false,1,2,0,6,4,4,3,1,2,20,21,17,17,7,7,5,1,0,0,0,2,1,1,2,1,0,0,0,0
gap-0,9,21098836,true,0,0,1,5,4,3,2,0,0,16,24,16,22,7,7,2,2,0,0,1,3,1,0,0,0,0,0,0,1
gap-0,10,21203565,false,1,1,1,4,6,2,3,1,1,20,17,17,16,6,6,4,1,0,0,1,1,1,0,1,1,0,0,0,0
gap-0,11,21308294,true,0,1,0,3,6,3,3,0,1,23,15,17,13,4,4,1,2,0,0,2,1,0,2,1,0,0,0,0,0
gap-0,12,21413023,false,1,1,1,4,6,3,5,1,1,22,16,16,13,13,13,6,6,1,0,3,0,1,2,1,1,0,0,0,0
gap-0,13,21517752,true,1,0,3,3,4,3,3,1,0,28,13,23,10,11,11,9,2,1,0,3,2,0,0,0,1,0,0,0,0
gap-0,14,21622481,false,0,1,0,3,5,1,2,0,1,18,16,14,14,3,3,2,1,0,0,1,1,0,0,1,0,0,0,0,0
gap-0,15,21727210,true,0,2,0,2,6,1,3,0,2,23,22,15,17,14,14,9,4,0,1,0,1,1,0,2,0,0,0,0,1
gap-0,16,21831939,false,1,0,3,4,6,3,1,1,0,20,18,17,16,9,9,5,4,0,0,1,2,0,0,0,1,0,0,0,1
gap-0,17,21936668,true,0,0,1,3,6,3,5,0,0,20,14,17,12,7,7,6,1,0,0,1,2,4,1,0,0,0,0,0,1
gap-0,18,22041397,false,1,1,1,5,5,3,4,1,1,15,19,13,17,7,7,5,2,0,0,0,1,3,1,1,1,0,0,0,0
gap-0,19,22146126,true,3,1,3,7,5,5,3,3,1,24,19,22,15,8,8,5,3,0,1,0,2,2,0,1,3,0,0,0,0
gap-0,20,22250855,false,0,0,1,4,5,3,5,0,0,17,26,15,20,19,19,7,9,0,0,0,1,5,2,0,0,0,0,0,0
gap-0,21,22355584,true,1,1,1,5,5,3,4,1,1,13,21,11,18,8,8,3,5,0,0,2,1,1,1,1,1,0,0,0,0
gap-0,22,22460313,false,2,1,3,3,6,2,5,2,1,17,24,14,21,16,16,4,10,0,0,2,0,2,0,1,2,0,0,0,0
gap-0,23,22565042,true,0,1,0,4,5,2,4,0,1,17,19,15,18,7,7,2,4,0,0,3,2,0,0,1,0,0,0,0,0
gap-0,24,22669771,false,1,1,1,5,5,3,3,1,1,27,13,22,11,10,10,6,3,0,0,0,1,2,1,1,1,0,0,0,0
gap-0,25,22774500,true,0,2,0,7,5,6,5,0,2,12,25,10,20,10,10,3,7,0,0,0,4,3,2,2,0,0,0,0,0
gap-0,26,22879229,false,0,0,1,5,5,4,1,0,0,14,30,12,26,10,10,3,7,1,0,0,1,1,3,0,0,0,0,0,0
gap-0,27,22983958,true,1,1,1,4,5,1,2,1,1,25,16,23,15,4,4,1,2,0,0,1,0,0,0,1,1,0,0,0,0
gap-0,28,23088687,false,0,2,0,2,5,0,3,0,2,23,20,18,18,12,12,6,6,1,0,1,0,0,0,2,0,0,0,0,0
gap-0,29,23193416,true,0,0,1,4,1,3,1,0,0,25,16,21,12,8,8,5,3,0,0,0,3,1,0,0,0,0,0,0,0
gap-0,30,23298145,false,1,1,1,4,8,1,5,1,1,16,24,12,22,9,9,1,8,0,0,2,0,2,0,1,1,0,0,0,0
gap-1,1,20261004,true,2,2,1,6,5,4,4,2,2,20,17,20,14,5,5,4,1,0,0,1,1,1,1,2,2,0,0,0,0
gap-1,2,20365733,false,1,1,1,4,5,2,4,1,1,23,17,22,13,9,9,3,5,0,0,0,1,3,0,1,1,0,0,0,0
gap-1,3,20470462,true,0,0,1,4,5,3,3,0,0,18,20,15,19,5,5,2,3,1,1,1,2,2,1,0,0,0,0,0,0
gap-1,4,20575191,false,1,3,0,8,5,4,5,1,3,20,19,19,16,5,5,0,3,0,0,2,1,0,2,3,1,0,0,0,0
gap-1,5,20679920,true,0,0,1,2,7,0,4,0,0,19,21,15,19,7,7,1,6,1,0,1,0,3,0,0,0,0,0,0,0
gap-1,6,20784649,false,1,2,0,6,5,2,3,1,2,23,18,21,15,2,2,0,2,0,1,1,0,0,1,2,1,0,0,0,0
gap-1,7,20889378,true,1,1,1,2,5,1,4,1,1,21,26,15,21,9,9,5,4,1,1,1,0,2,0,1,1,0,0,0,0
gap-1,8,20994107,false,1,1,1,5,4,3,2,1,1,15,21,14,18,5,5,3,1,0,0,0,2,2,0,0,1,1,0,0,0
gap-1,9,21098836,true,1,1,1,5,3,3,2,1,1,17,27,16,23,7,7,0,6,0,0,1,1,0,1,1,1,0,0,1,0
gap-1,10,21203565,false,0,1,0,2,6,1,3,0,1,14,22,10,20,7,7,1,6,0,0,1,1,1,0,1,0,0,0,0,0
gap-1,11,21308294,true,2,2,1,6,3,2,2,1,2,28,19,26,15,13,13,7,3,0,1,0,0,0,1,2,1,0,1,0,0
gap-1,12,21413023,false,0,0,1,3,4,3,3,0,0,20,20,17,18,11,11,3,6,0,1,3,1,0,2,0,0,0,0,0,0
gap-1,13,21517752,true,1,1,1,4,5,3,2,1,1,26,14,20,11,13,13,9,4,1,0,0,1,1,1,1,1,0,0,0,0
gap-1,14,21622481,false,1,0,3,5,7,3,4,1,0,19,15,14,12,7,7,4,3,0,0,2,1,2,1,0,1,0,0,1,0
gap-1,15,21727210,true,0,0,1,3,5,1,1,0,0,18,17,15,15,9,9,4,5,0,0,0,1,1,0,0,0,0,0,0,0
gap-1,16,21831939,false,1,2,0,4,5,3,2,1,2,21,18,18,17,6,6,5,1,0,0,0,2,0,0,2,1,0,0,0,0
gap-1,17,21936668,true,1,1,1,5,5,3,3,1,1,14,22,13,17,9,9,3,5,0,0,0,1,2,1,1,1,0,0,0,0
gap-1,18,22041397,false,1,0,3,5,5,2,4,1,0,21,17,19,15,7,7,5,2,0,1,4,0,0,1,0,1,0,0,0,0
gap-1,19,22146126,true,3,2,3,5,5,3,4,3,2,21,17,15,13,11,11,6,4,0,0,0,0,2,0,2,3,0,0,0,0
gap-1,20,22250855,false,2,2,1,5,3,5,2,2,2,20,26,15,21,8,8,4,3,0,1,0,2,0,1,2,2,0,0,0,0
gap-1,21,22355584,true,2,0,3,6,4,3,1,2,0,25,15,22,12,5,5,3,2,0,0,0,1,1,0,0,2,0,0,1,0
gap-1,22,22460313,false,1,2,0,6,4,4,3,1,2,15,20,12,16,9,9,5,4,0,0,1,3,0,0,2,1,0,0,0,0
gap-1,23,22565042,true,2,0,3,4,5,2,4,2,0,19,21,16,18,5,5,3,2,0,1,4,0,0,0,0,2,0,0,0,0
gap-1,24,22669771,false,0,1,0,5,4,3,1,0,1,23,22,17,16,7,7,2,2,1,0,0,1,0,2,1,0,0,0,0,0
gap-1,25,22774500,true,0,1,0,2,5,1,2,0,1,19,22,15,19,10,10,4,5,0,0,1,1,0,0,1,0,0,0,0,0
gap-1,26,22879229,false,0,0,1,3,3,1,2,0,0,25,14,20,11,9,9,5,2,0,0,1,1,1,0,0,0,0,0,0,0
gap-1,27,22983958,true,0,1,0,4,7,1,4,0,1,21,16,18,14,3,3,1,1,0,0,1,0,2,1,1,0,0,0,0,0
gap-1,28,23088687,false,1,1,1,3,6,1,1,1,1,23,19,18,18,5,5,2,3,0,0,0,0,0,0,1,1,0,0,0,0
gap-1,29,23193416,true,2,2,1,5,5,5,4,2,2,18,20,17,19,10,10,8,2,0,0,0,2,2,1,2,2,0,0,0,0
gap-1,30,23298145,false,0,1,0,5,5,2,3,0,1,21,16,18,14,12,12,5,6,0,0,1,1,1,1,1,0,0,0,1,0
gap-2,1,20261004,true,1,0,3,5,6,2,4,1,0,21,14,16,12,6,6,4,2,0,0,3,0,1,1,0,1,0,0,0,0
gap-2,2,20365733,false,2,0,3,4,4,3,2,2,0,22,17,20,14,7,7,6,1,0,0,1,1,1,0,0,2,0,0,0,0
gap-2,3,20470462,true,1,1,1,5,4,4,2,1,1,20,22,16,18,5,5,4,1,0,0,0,1,1,2,1,1,0,0,0,0
gap-2,4,20575191,false,0,3,0,6,7,3,5,0,3,16,24,14,19,15,15,4,11,0,1,0,3,2,0,3,0,0,0,0,0
gap-2,5,20679920,true,1,2,0,5,5,2,2,1,2,26,17,23,15,4,4,1,3,0,1,0,0,0,1,2,1,0,0,0,0
gap-2,6,20784649,false,2,1,3,4,6,3,2,2,1,24,22,20,19,7,7,3,4,1,1,1,0,0,1,1,2,0,0,0,0
gap-2,7,20889378,true,0,0,1,4,7,1,3,0,0,21,18,15,16,7,7,3,4,1,0,1,1,2,0,0,0,0,0,1,0
gap-2,8,20994107,false,1,2,0,7,5,3,4,1,2,21,16,20,15,5,5,2,3,0,0,2,1,0,1,2,1,0,0,0,0
gap-2,9,21098836,true,3,2,3,5,4,4,3,3,2,22,22,19,17,7,7,4,3,0,0,0,1,1,0,2,3,0,0,0,0
gap-2,10,21203565,false,1,0,3,5,5,5,1,1,0,21,15,20,14,5,5,4,1,0,0,0,4,1,0,0,1,0,0,0,0
gap-2,11,21308294,true,0,0,1,5,5,3,3,0,0,16,16,14,13,8,8,4,4,0,0,1,2,2,1,0,0,0,0,0,0
gap-2,12,21413023,false,2,0,3,6,5,4,4,2,0,18,16,17,14,6,6,4,2,0,0,3,0,1,2,0,2,0,0,0,0
gap-2,13,21517752,true,0,1,0,3,5,3,4,0,1,22,18,17,16,15,15,6,8,0,0,0,2,3,1,1,0,0,0,0,0
gap-2,14,21622481,false,1,1,1,7,4,2,4,1,1,16,20,12,17,10,10,6,4,0,0,1,0,2,1,1,1,0,0,0,0
gap-2,15,21727210,true,0,0,1,3,4,0,3,0,0,20,17,18,15,12,12,8,4,0,0,1,0,2,0,0,0,0,0,0,0
gap-2,16,21831939,false,3,1,3,5,4,4,3,3,1,26,22,22,19,9,9,6,2,0,0,1,0,1,1,1,3,0,0,0,0
gap-2,17,21936668,true,2,0,3,5,3,3,1,2,0,19,22,17,16,4,4,2,1,0,1,0,0,1,1,0,2,0,0,0,0
gap-2,18,22041397,false,1,1,1,5,4,3,2,1,1,15,24,14,22,3,3,1,2,0,0,1,1,0,1,1,1,0,0,0,1
gap-2,19,22146126,true,0,1,0,3,6,2,4,0,1,22,22,14,15,19,19,10,8,0,0,0,2,3,0,1,0,0,0,0,0
gap-2,20,22250855,false,0,0,1,6,3,1,2,0,0,22,15,20,12,8,8,5,2,0,0,0,0,2,1,0,0,0,0,0,0
gap-2,21,22355584,true,0,3,0,5,5,3,3,0,3,15,27,12,25,7,7,3,3,1,0,0,2,0,1,3,0,0,0,0,0
gap-2,22,22460313,false,1,0,3,5,3,2,2,1,0,13,25,13,24,6,6,4,2,0,0,1,1,1,0,0,1,0,0,0,0
gap-2,23,22565042,true,4,1,3,5,4,4,2,4,1,24,20,19,15,8,8,4,3,1,0,1,0,0,0,1,4,0,0,0,0
gap-2,24,22669771,false,0,2,0,5,5,4,2,0,2,22,22,15,16,11,11,3,5,0,0,0,2,0,2,2,0,0,0,0,0
gap-2,25,22774500,true,0,0,1,3,4,1,1,0,0,22,19,18,15,7,7,4,2,2,0,1,1,0,0,0,0,0,0,0,0
gap-2,26,22879229,false,1,0,3,8,4,5,2,1,0,20,15,19,11,7,7,5,2,0,0,1,2,1,2,0,1,0,0,0,0
gap-2,27,22983958,true,0,1,0,6,4,4,2,0,1,16,18,14,14,4,4,2,2,0,0,1,2,0,2,1,0,0,0,0,0
gap-2,28,23088687,false,1,0,3,4,5,3,2,1,0,19,19,16,17,8,8,5,3,0,0,2,1,0,1,0,1,0,0,0,0
gap-2,29,23193416,true,1,1,1,6,5,3,3,1,1,18,15,17,13,8,8,7,1,0,0,0,2,2,0,1,1,0,0,1,0
gap-2,30,23298145,false,1,1,1,5,4,3,3,1,1,18,22,15,19,8,8,4,3,0,0,2,1,0,1,1,1,0,0,0,0
gap-4,1,20261004,true,1,1,1,4,4,2,2,1,1,25,22,18,17,6,6,4,2,1,1,0,0,1,1,1,1,0,0,0,0
gap-4,2,20365733,false,1,0,3,7,3,3,0,1,0,15,27,14,24,8,8,6,1,1,0,0,0,0,2,0,1,0,0,0,0
gap-4,3,20470462,true,0,1,0,8,4,5,3,0,1,23,17,20,16,10,10,5,4,0,0,1,3,1,2,1,0,0,0,1,0
gap-4,4,20575191,false,3,0,3,5,5,4,1,3,0,30,14,27,12,6,6,4,2,0,1,1,0,0,1,0,3,0,0,0,0
gap-4,5,20679920,true,1,0,3,8,1,6,0,1,0,18,23,14,18,12,12,8,4,1,0,0,2,0,3,0,1,0,0,0,0
gap-4,6,20784649,false,2,1,3,6,4,4,1,2,1,20,22,17,18,10,10,5,5,1,0,0,2,0,0,1,2,0,0,1,0
gap-4,7,20889378,true,2,0,3,7,5,7,1,2,0,19,21,17,17,8,8,5,2,1,0,0,4,1,1,0,2,0,0,0,0
gap-4,8,20994107,false,1,0,3,9,2,7,0,1,0,21,17,20,13,7,7,4,2,0,0,0,2,0,4,0,1,0,0,0,0
gap-4,9,21098836,true,2,0,3,6,2,4,1,2,0,22,22,19,18,5,5,4,0,1,0,1,0,0,2,0,2,0,0,0,0
gap-4,10,21203565,false,1,0,3,4,3,2,2,1,0,19,25,16,19,7,7,5,1,2,0,1,0,1,1,0,1,0,0,0,0
gap-4,11,21308294,true,0,0,1,8,2,5,0,0,0,11,22,8,17,4,4,2,2,0,0,0,2,0,3,0,0,0,0,0,0
gap-4,12,21413023,false,0,1,0,5,3,3,3,0,1,19,24,18,20,9,9,4,5,0,1,1,1,1,2,1,0,0,0,0,0
gap-4,13,21517752,true,1,0,3,6,4,3,2,1,0,17,19,16,17,5,5,3,2,0,0,1,1,1,1,0,1,0,0,0,0
gap-4,14,21622481,false,1,1,1,6,4,1,2,1,1,22,15,19,13,3,3,3,0,0,0,1,0,0,0,1,1,0,0,0,0
gap-4,15,21727210,true,1,0,3,5,2,3,1,1,0,15,24,13,19,5,5,4,1,0,0,1,0,0,2,0,1,0,0,0,0
gap-4,16,21831939,false,1,0,3,6,3,5,0,1,0,23,16,21,13,11,11,7,4,0,0,0,1,0,3,0,1,0,0,0,0
gap-4,17,21936668,true,1,0,3,3,4,3,2,1,0,23,21,17,17,9,9,5,4,0,0,1,1,1,1,0,1,0,0,0,0
gap-4,18,22041397,false,0,0,1,7,1,2,1,0,0,16,20,15,13,6,6,6,0,0,0,0,1,1,1,0,0,0,0,0,0
gap-4,19,22146126,true,1,1,1,6,2,4,2,1,1,24,17,19,10,9,9,3,5,0,0,0,1,1,2,1,1,0,0,0,0
gap-4,20,22250855,false,2,1,3,7,2,5,2,2,1,22,23,19,15,5,5,3,2,0,0,1,1,0,2,1,2,0,0,0,0
gap-4,21,22355584,true,3,0,3,7,1,4,1,3,0,18,25,16,18,7,7,5,2,0,2,1,0,0,1,0,3,0,0,0,0
gap-4,22,22460313,false,3,0,3,8,2,8,1,3,0,12,27,12,22,10,10,6,4,0,0,1,3,0,2,0,3,0,0,0,0
gap-4,23,22565042,true,1,0,3,6,2,4,1,1,0,17,22,16,17,8,8,4,4,0,1,0,2,1,1,0,1,0,0,0,0
gap-4,24,22669771,false,3,3,1,8,3,5,3,3,3,21,24,20,18,6,6,4,2,0,0,0,0,0,2,3,3,0,0,0,0
gap-4,25,22774500,true,1,1,1,6,5,2,3,1,1,19,22,18,20,13,13,7,5,0,0,1,1,1,0,1,1,0,0,0,1
gap-4,26,22879229,false,0,0,1,5,4,2,2,0,0,22,16,20,13,6,6,3,1,0,0,1,2,1,0,0,0,0,0,0,0
gap-4,27,22983958,true,3,0,3,7,2,3,1,3,0,23,22,20,17,10,10,9,1,1,0,1,0,0,0,0,3,0,0,0,0
gap-4,28,23088687,false,0,0,1,4,4,2,2,0,0,20,20,16,17,5,5,3,2,1,0,1,1,1,1,0,0,0,0,0,0
gap-4,29,23193416,true,3,0,3,7,5,6,2,3,0,23,14,19,12,5,5,5,0,0,0,2,0,0,3,0,3,0,0,0,0
gap-4,30,23298145,false,0,0,1,5,4,3,2,0,0,15,21,14,17,6,6,3,3,0,0,0,2,2,1,0,0,0,0,0,0
