pair,game,seed,aHome,scoreA,scoreB,shotsA,shotsB,onTargetA,onTargetB,goalsA,goalsB,shotGoalsA,shotGoalsB,nonShotGoalsA,nonShotGoalsB,savesA,savesB,facedA,facedB,concededA,concededB,shotConcededA,shotConcededB,nonShotConcededA,nonShotConcededB,savesCaughtA,savesCaughtB,savesParriedA,savesParriedB,shotsInterruptedA,shotsInterruptedB
good-good,1,20261004,true,1,0,3,6,1,4,1,0,1,0,0,0,4,0,4,1,0,1,0,1,0,0,3,0,1,0,0,0
good-good,2,20365733,false,1,1,4,5,1,3,1,1,1,1,0,0,2,0,3,1,1,1,1,1,0,0,1,0,1,0,0,0
good-good,3,20470462,true,1,1,5,7,5,3,1,1,1,1,0,0,2,4,3,5,1,1,1,1,0,0,1,4,1,0,0,0
good-good,4,20575191,false,3,1,5,6,4,4,3,1,3,1,0,0,3,1,4,4,1,3,1,3,0,0,1,1,2,0,0,0
good-good,5,20679920,true,3,3,8,4,5,3,3,3,3,3,0,0,0,2,3,5,3,3,3,3,0,0,0,2,0,0,0,0
good-good,6,20784649,false,2,0,5,6,3,1,2,0,2,0,0,0,1,1,1,3,0,2,0,2,0,0,1,0,0,1,0,0
good-good,7,20889378,true,0,1,6,5,3,1,0,1,0,1,0,0,0,3,1,3,1,0,1,0,0,0,0,1,0,2,0,0
good-good,8,20994107,false,0,0,4,5,4,2,0,0,0,0,0,0,2,4,2,4,0,0,0,0,0,0,1,2,1,2,0,0
good-good,9,21098836,true,1,1,4,5,2,4,1,1,1,1,0,0,3,1,4,2,1,1,1,1,0,0,1,1,2,0,0,0
good-good,10,21203565,false,0,0,5,5,3,2,0,0,0,0,0,0,2,3,2,3,0,0,0,0,0,0,1,1,1,2,0,0
good-good,11,21308294,true,0,1,4,9,3,6,0,1,0,1,0,0,5,3,6,3,1,0,1,0,0,0,1,0,4,3,0,0
good-good,12,21413023,false,0,4,5,5,4,5,0,4,0,4,0,0,1,4,5,4,4,0,4,0,0,0,1,3,0,1,0,0
good-good,13,21517752,true,0,1,4,3,3,2,0,1,0,1,0,0,1,3,2,3,1,0,1,0,0,0,0,0,1,3,0,0
good-good,14,21622481,false,0,1,1,8,0,4,0,1,0,1,0,0,3,0,4,0,1,0,1,0,0,0,2,0,1,0,0,0
good-good,15,21727210,true,2,1,4,7,2,5,2,1,2,1,0,0,4,0,5,2,1,2,1,2,0,0,1,0,3,0,0,0
good-good,16,21831939,false,1,1,4,5,2,3,1,1,1,1,0,0,2,1,3,2,1,1,1,1,0,0,0,1,2,0,0,0
good-good,17,21936668,true,2,2,4,6,2,3,2,2,2,2,0,0,1,0,3,2,2,2,2,2,0,0,0,0,1,0,0,0
good-good,18,22041397,false,0,1,7,3,4,3,0,1,0,1,0,0,2,4,3,4,1,0,1,0,0,0,1,1,1,3,0,0
good-good,19,22146126,true,1,2,3,6,2,6,1,2,1,2,0,0,4,1,6,2,2,1,2,1,0,0,3,1,1,0,0,0
good-good,20,22250855,false,0,0,6,3,4,3,0,0,0,0,0,0,3,4,3,4,0,0,0,0,0,0,2,1,1,3,0,0
good-good,21,22355584,true,1,2,2,7,1,5,1,2,1,2,0,0,3,0,5,1,2,1,2,1,0,0,1,0,2,0,0,0
good-good,22,22460313,false,2,1,5,6,4,4,2,1,2,1,0,0,3,2,4,4,1,2,1,2,0,0,2,2,1,0,0,0
good-good,23,22565042,true,1,1,7,5,3,3,1,1,1,1,0,0,2,2,3,3,1,1,1,1,0,0,1,0,1,2,0,0
good-good,24,22669771,false,1,3,6,7,3,4,1,3,1,3,0,0,1,2,4,3,3,1,3,1,0,0,0,0,1,2,0,1
good-good,25,22774500,true,2,1,6,5,6,3,2,1,2,1,0,0,2,4,3,6,1,2,1,2,0,0,1,3,1,1,0,0
good-good,26,22879229,false,2,0,7,4,5,1,2,0,2,0,0,0,1,3,1,5,0,2,0,2,0,0,1,1,0,2,0,0
good-good,27,22983958,true,0,2,5,6,2,3,0,2,0,2,0,0,1,2,3,2,2,0,2,0,0,0,0,2,1,0,0,0
good-good,28,23088687,false,1,0,4,5,4,2,1,0,1,0,0,0,2,3,2,4,0,1,0,1,0,0,2,2,0,1,0,0
good-good,29,23193416,true,0,1,6,5,4,3,0,1,0,1,0,0,2,4,3,4,1,0,1,0,0,0,1,2,1,2,0,0
good-good,30,23298145,false,1,3,3,7,2,5,1,3,1,3,0,0,2,1,5,2,3,1,3,1,0,0,1,1,1,0,0,0
good-weak,1,20261004,true,1,0,5,3,2,0,1,0,1,0,0,0,0,1,0,2,0,1,0,1,0,0,0,0,0,1,0,0
good-weak,2,20365733,false,4,0,8,2,4,0,4,0,4,0,0,0,0,0,0,4,0,4,0,4,0,0,0,0,0,0,0,0
good-weak,3,20470462,true,3,0,9,4,8,2,3,0,3,0,0,0,2,5,2,8,0,3,0,3,0,0,1,3,1,2,1,0
good-weak,4,20575191,false,3,0,7,0,6,0,3,0,3,0,0,0,0,3,0,6,0,3,0,3,0,0,0,0,0,3,0,0
good-weak,5,20679920,true,4,0,9,2,6,1,4,0,4,0,0,0,1,2,1,6,0,4,0,4,0,0,1,0,0,2,0,0
good-weak,6,20784649,false,1,0,6,2,5,0,1,0,1,0,0,0,0,4,0,5,0,1,0,1,0,0,0,3,0,1,0,0
good-weak,7,20889378,true,1,0,7,2,4,0,1,0,1,0,0,0,0,3,0,4,0,1,0,1,0,0,0,0,0,3,0,0
good-weak,8,20994107,false,2,0,9,1,7,0,2,0,2,0,0,0,0,5,0,7,0,2,0,2,0,0,0,1,0,4,0,0
good-weak,9,21098836,true,3,0,8,1,7,0,3,0,3,0,0,0,0,4,0,7,0,3,0,3,0,0,0,0,0,4,0,0
good-weak,10,21203565,false,2,0,7,4,7,1,2,0,2,0,0,0,1,5,1,7,0,2,0,2,0,0,0,2,1,3,0,0
good-weak,11,21308294,true,3,0,7,2,4,0,3,0,3,0,0,0,0,1,0,4,0,3,0,3,0,0,0,0,0,1,0,0
good-weak,12,21413023,false,2,0,7,1,6,0,2,0,2,0,0,0,0,4,0,6,0,2,0,2,0,0,0,4,0,0,0,0
good-weak,13,21517752,true,6,0,9,0,7,0,6,0,6,0,0,0,0,1,0,7,0,6,0,6,0,0,0,0,0,1,0,0
good-weak,14,21622481,false,3,1,5,2,3,1,3,1,3,1,0,0,0,0,1,3,1,3,1,3,0,0,0,0,0,0,0,0
good-weak,15,21727210,true,3,0,7,3,6,0,3,0,3,0,0,0,0,3,0,6,0,3,0,3,0,0,0,1,0,2,0,0
good-weak,16,21831939,false,4,0,8,2,8,2,4,0,4,0,0,0,2,4,2,8,0,4,0,4,0,0,1,2,1,2,0,0
good-weak,17,21936668,true,3,0,8,1,5,1,3,0,3,0,0,0,1,2,1,5,0,3,0,3,0,0,1,0,0,2,0,0
good-weak,18,22041397,false,3,0,7,1,4,1,3,0,3,0,0,0,1,1,1,4,0,3,0,3,0,0,0,0,1,1,0,0
good-weak,19,22146126,true,3,0,8,2,7,0,3,0,3,0,0,0,0,4,0,7,0,3,0,3,0,0,0,2,0,2,0,0
good-weak,20,22250855,false,2,0,11,2,8,0,2,0,2,0,0,0,0,6,0,8,0,2,0,2,0,0,0,2,0,4,0,0
good-weak,21,22355584,true,3,0,7,3,6,2,3,0,3,0,0,0,2,3,2,6,0,3,0,3,0,0,2,1,0,2,0,0
good-weak,22,22460313,false,1,0,7,3,5,2,1,0,1,0,0,0,2,4,2,5,0,1,0,1,0,0,1,1,1,3,0,0
good-weak,23,22565042,true,2,0,7,1,4,0,2,0,2,0,0,0,0,2,0,4,0,2,0,2,0,0,0,0,0,2,0,0
good-weak,24,22669771,false,1,0,8,0,5,0,1,0,1,0,0,0,0,4,0,5,0,1,0,1,0,0,0,1,0,3,0,0
good-weak,25,22774500,true,1,0,4,3,3,0,1,0,1,0,0,0,0,2,0,3,0,1,0,1,0,0,0,0,0,2,0,0
good-weak,26,22879229,false,2,0,9,3,6,2,2,0,2,0,0,0,2,4,2,6,0,2,0,2,0,0,1,3,1,1,0,0
good-weak,27,22983958,true,2,0,6,1,4,0,2,0,1,0,1,0,0,3,0,4,0,2,0,1,0,1,0,1,0,2,0,0
good-weak,28,23088687,false,3,0,9,1,7,0,3,0,3,0,0,0,0,4,0,7,0,3,0,3,0,0,0,1,0,3,0,0
good-weak,29,23193416,true,5,0,8,1,7,1,5,0,5,0,0,0,1,2,1,7,0,5,0,5,0,0,1,1,0,1,0,0
good-weak,30,23298145,false,4,0,7,1,6,1,4,0,4,0,0,0,1,2,1,6,0,4,0,4,0,0,0,2,1,0,0,0
weak-weak,1,20261004,true,0,1,1,3,1,1,0,1,0,1,0,0,0,1,1,1,1,0,1,0,0,0,0,1,0,0,0,0
weak-weak,2,20365733,false,0,1,3,4,2,2,0,1,0,1,0,0,1,2,2,2,1,0,1,0,0,0,1,2,0,0,0,0
weak-weak,3,20470462,true,0,0,4,4,0,4,0,0,0,0,0,0,4,0,4,0,0,0,0,0,0,0,2,0,2,0,0,0
weak-weak,4,20575191,false,0,1,2,2,1,2,0,1,0,1,0,0,1,1,2,1,1,0,1,0,0,0,1,0,0,1,0,0
weak-weak,5,20679920,true,0,0,4,3,4,2,0,0,0,0,0,0,2,4,2,4,0,0,0,0,0,0,1,0,1,4,0,0
weak-weak,6,20784649,false,0,0,2,4,0,2,0,0,0,0,0,0,2,0,2,0,0,0,0,0,0,0,1,0,1,0,0,0
weak-weak,7,20889378,true,0,2,2,8,1,3,0,2,0,2,0,0,1,1,3,1,2,0,2,0,0,0,1,1,0,0,0,0
weak-weak,8,20994107,false,0,2,3,4,3,3,0,2,0,1,0,1,2,3,3,3,2,0,1,0,1,0,0,2,2,1,0,0
weak-weak,9,21098836,true,1,0,2,3,1,1,1,0,0,0,1,0,1,1,1,1,0,1,0,0,0,1,1,0,0,1,0,0
weak-weak,10,21203565,false,0,0,5,3,2,2,0,0,0,0,0,0,2,2,2,2,0,0,0,0,0,0,0,0,2,2,0,0
weak-weak,11,21308294,true,0,1,2,5,0,3,0,1,0,1,0,0,2,0,3,0,1,0,1,0,0,0,1,0,1,0,0,0
weak-weak,12,21413023,false,0,0,2,3,0,2,0,0,0,0,0,0,2,0,2,0,0,0,0,0,0,0,1,0,1,0,0,0
weak-weak,13,21517752,true,0,0,2,4,0,2,0,0,0,0,0,0,2,0,2,0,0,0,0,0,0,0,1,0,1,0,0,0
weak-weak,14,21622481,false,0,1,1,4,0,4,0,1,0,1,0,0,3,0,4,0,1,0,1,0,0,0,1,0,2,0,0,0
weak-weak,15,21727210,true,0,0,1,3,0,2,0,0,0,0,0,0,2,0,2,0,0,0,0,0,0,0,1,0,1,0,0,0
weak-weak,16,21831939,false,0,1,2,2,0,2,0,1,0,1,0,0,1,0,2,0,1,0,1,0,0,0,0,0,1,0,0,0
weak-weak,17,21936668,true,1,0,4,2,2,0,1,0,1,0,0,0,0,1,0,2,0,1,0,1,0,0,0,0,0,1,0,0
weak-weak,18,22041397,false,0,1,2,4,0,2,0,1,0,1,0,0,1,0,2,0,1,0,1,0,0,0,1,0,0,0,0,0
weak-weak,19,22146126,true,1,1,3,3,1,1,1,1,1,1,0,0,0,0,1,1,1,1,1,1,0,0,0,0,0,0,0,0
weak-weak,20,22250855,false,2,0,4,2,3,1,2,0,2,0,0,0,1,1,1,3,0,2,0,2,0,0,0,0,1,1,0,0
weak-weak,21,22355584,true,0,0,4,4,1,1,0,0,0,0,0,0,1,1,1,1,0,0,0,0,0,0,1,0,0,1,0,0
weak-weak,22,22460313,false,1,1,5,2,4,2,1,1,1,1,0,0,1,3,2,4,1,1,1,1,0,0,1,0,0,3,0,0
weak-weak,23,22565042,true,0,0,3,4,1,2,0,0,0,0,0,0,2,1,2,1,0,0,0,0,0,0,1,1,1,0,0,0
weak-weak,24,22669771,false,0,1,1,3,0,2,0,1,0,1,0,0,1,0,2,0,1,0,1,0,0,0,0,0,1,0,0,0
weak-weak,25,22774500,true,2,0,2,4,1,1,2,0,1,0,1,0,1,0,1,1,0,2,0,1,0,1,1,0,0,0,0,0
weak-weak,26,22879229,false,1,0,5,4,4,2,1,0,1,0,0,0,2,3,2,4,0,1,0,1,0,0,0,2,2,1,0,0
weak-weak,27,22983958,true,1,0,3,2,2,0,1,0,1,0,0,0,0,1,0,2,0,1,0,1,0,0,0,0,0,1,0,0
weak-weak,28,23088687,false,0,0,3,4,1,1,0,0,0,0,0,0,1,1,1,1,0,0,0,0,0,0,1,1,0,0,0,0
weak-weak,29,23193416,true,1,0,5,3,3,1,1,0,1,0,0,0,1,2,1,3,0,1,0,1,0,0,1,1,0,1,0,0
weak-weak,30,23298145,false,0,0,1,4,0,4,0,0,0,0,0,0,4,0,4,0,0,0,0,0,0,0,4,0,0,0,0,0
