group,game,seed,aHome,goalsA,goalsB,pointsA,travelA,travelB,freshnessA,freshnessB,steps,passesA,passesB,passCompleteA,passCompleteB,offsidesA,offsidesB,shotsA,shotsB,shotsInterruptedA,shotsInterruptedB,onTargetA,onTargetB,shotGoalsA,shotGoalsB,duelsA,duelsB,duelsWonA,duelsWonB,aerialDuelsA,aerialDuelsB,aerialWonA,aerialWonB,foulsA,foulsB,savesA,savesB,facedA,facedB,savesCaughtA,savesCaughtB,savesParriedA,savesParriedB,betterSquareA,betterSquareB
control,1,20261004,true,0,1,0,2103.8976781824235,2153.6505398066042,74.89422222222196,74.89422222222196,2434,17,23,12,20,0,0,3,5,0,0,0,4,0,1,6,6,2,4,1,1,0,1,0,0,3,0,4,0,1,0,2,0,1,0
control,2,20365733,false,2,0,3,2551.921094535043,2456.284021490093,73.2568888888886,73.2568888888886,3151,19,15,19,13,0,0,8,6,1,0,2,2,2,0,10,10,5,4,3,3,2,1,0,1,2,0,2,2,0,0,2,0,0,0
control,3,20470462,true,0,1,0,2436.2962548283144,2504.525849399088,72.98399999999972,72.98399999999972,2909,27,18,23,14,0,0,4,5,0,0,4,2,0,1,7,7,4,2,5,5,4,1,1,0,1,4,2,4,0,1,1,3,0,0
control,4,20575191,false,1,2,0,2626.333500166197,2743.279695961691,72.98399999999972,72.98399999999972,3434,20,21,18,16,0,0,5,6,0,0,4,5,1,2,13,13,3,9,5,5,2,3,1,0,3,3,5,4,2,3,1,0,0,0
control,5,20679920,true,1,0,3,2392.305593868933,2341.7999614794785,74.07555555555528,74.07555555555528,2617,19,27,14,24,0,0,1,3,0,0,0,3,0,0,14,14,5,9,5,5,3,2,0,0,3,0,3,0,1,0,2,0,0,0
control,6,20784649,false,1,1,1,2439.578800745768,2454.003949555876,73.2568888888886,73.2568888888886,2907,21,20,16,18,0,0,4,5,0,0,4,5,1,1,5,5,2,3,2,2,0,2,0,0,4,3,5,4,2,1,2,2,0,0
control,7,20889378,true,0,0,1,2002.7772703650287,2023.95698916926,75.43999999999974,75.43999999999974,2143,23,16,19,13,0,0,2,4,0,0,1,2,0,0,6,6,3,3,2,2,2,0,0,0,2,1,2,1,2,1,0,0,0,0
control,8,20994107,false,0,2,0,2309.7168469668104,2391.5859408142946,73.5297777777775,73.5297777777775,2888,15,24,13,21,0,0,5,5,0,0,3,4,0,2,4,4,1,3,1,1,0,1,0,0,2,3,4,3,0,3,2,0,0,0
control,9,21098836,true,1,0,3,2509.238710016651,2410.128035716513,72.16533333333305,72.16533333333305,2813,21,20,18,16,0,0,6,3,0,0,2,2,1,0,14,14,11,3,6,6,5,1,0,0,2,1,2,2,1,0,1,1,0,0
control,10,21203565,false,0,0,1,2307.312322360802,2302.7191830882225,72.16533333333305,72.16533333333305,2698,23,17,19,16,1,1,4,5,0,0,2,4,0,0,3,3,2,1,0,0,0,0,0,0,4,2,4,2,2,2,2,0,0,0
control,11,21308294,true,0,0,1,2122.532245574758,2181.2594891699027,74.62133333333307,74.62133333333307,2365,20,13,16,11,0,0,5,6,0,1,3,3,0,0,8,8,3,5,3,3,1,2,0,0,3,3,3,3,2,1,1,2,0,0
control,12,21413023,false,1,2,0,2407.9251420959417,2513.627745175156,73.2568888888886,73.2568888888886,3151,21,18,19,15,0,0,6,5,0,0,3,3,1,2,6,6,4,2,2,2,1,1,0,0,1,2,3,3,0,1,1,1,0,0
control,13,21517752,true,1,1,1,2730.5908026359684,2859.5190234835354,71.89244444444415,71.89244444444415,3717,16,23,12,20,2,0,4,7,0,0,2,5,1,1,7,7,3,2,2,2,1,1,0,2,4,1,5,2,2,0,2,1,0,0
control,14,21622481,false,2,1,3,2650.0627787970657,2556.212351254055,72.98399999999972,72.98399999999972,3364,20,22,17,21,0,0,6,6,0,0,4,5,2,1,8,8,5,2,3,3,2,1,1,0,4,2,5,4,1,2,3,0,0,0
control,15,21727210,true,0,1,0,2363.4957683575376,2407.8209409552856,74.07555555555528,74.07555555555528,2663,18,23,12,19,0,0,2,7,0,0,2,7,0,1,13,13,5,8,5,5,2,3,0,0,6,2,7,2,2,2,4,0,0,0
control,16,21831939,false,1,0,3,2351.499755354613,2224.2826031994678,73.8026666666664,73.8026666666664,2731,23,17,19,15,0,1,3,4,0,0,2,2,1,0,6,6,4,2,1,1,1,0,0,0,2,1,2,2,1,1,1,0,0,0
control,17,21936668,true,2,1,3,2488.8085264501246,2349.3260970148317,72.98399999999972,72.98399999999972,3064,22,28,16,22,0,1,3,4,0,0,3,1,2,1,13,13,3,10,6,6,1,5,0,0,0,1,1,3,0,1,0,0,0,0
control,18,22041397,false,0,1,0,2125.799863389481,2109.674298856085,74.89422222222196,74.89422222222196,2374,13,30,10,29,0,0,2,4,0,0,0,3,0,1,5,5,1,4,1,1,0,1,0,0,2,0,3,0,1,0,1,0,0,0
control,19,22146126,true,0,1,0,2204.211482975119,2191.8208509677524,74.62133333333307,74.62133333333307,2510,13,18,11,16,0,0,4,4,0,0,2,4,0,1,7,7,1,6,3,3,0,3,0,0,3,2,4,2,1,2,2,0,0,0
control,20,22250855,false,1,1,1,2603.974391156234,2637.5571872314695,73.2568888888886,73.2568888888886,3321,23,19,17,16,1,0,3,8,0,0,1,6,1,1,10,10,5,4,4,4,1,3,0,1,5,0,6,1,1,0,4,0,0,0
control,21,22355584,true,1,1,1,2434.8938095252192,2442.4837085776685,72.71111111111082,72.71111111111082,3178,21,19,17,17,2,0,3,6,0,0,2,5,1,1,1,1,1,0,0,0,0,0,0,0,4,1,5,2,1,1,3,0,0,0
control,22,22460313,false,1,0,3,2321.949582299106,2369.0015337723466,73.5297777777775,73.5297777777775,2755,21,22,15,20,1,0,1,5,0,0,1,3,1,0,7,7,4,3,2,2,2,0,0,0,3,0,3,1,2,0,1,0,0,0
control,23,22565042,true,3,0,3,2602.3664455280823,2299.4277646455494,72.98399999999972,72.98399999999972,3240,20,21,16,19,0,0,6,4,0,0,5,1,3,0,6,6,3,2,0,0,0,0,1,0,1,2,1,5,1,1,0,1,0,1
control,24,22669771,false,0,0,1,2288.291458975964,2274.642692107388,74.62133333333307,74.62133333333307,2391,18,19,14,15,0,0,4,6,0,0,2,3,0,0,9,9,3,6,4,4,0,4,0,0,3,2,3,2,0,1,3,1,0,2
control,25,22774500,true,0,1,0,2634.0550327049077,2707.644719292076,72.98399999999972,72.98399999999972,3201,19,22,12,17,3,0,3,5,0,0,1,4,0,1,7,7,3,4,2,2,1,1,0,0,3,1,4,1,1,1,2,0,0,0
control,26,22879229,false,1,1,1,2258.3104888581156,2225.0180426373477,74.07555555555528,74.07555555555528,2822,19,20,17,14,0,0,7,5,0,1,7,3,1,1,8,8,2,6,2,2,2,0,0,0,2,6,3,7,2,6,0,0,0,0
control,27,22983958,true,1,1,1,2170.4091700930903,2144.869985417357,74.62133333333307,74.62133333333307,2725,15,20,13,18,0,0,6,5,0,0,4,2,1,1,2,2,1,1,1,1,0,1,0,0,1,3,2,4,1,3,0,0,0,0
control,28,23088687,false,0,0,1,2071.3889291933333,2120.091596392996,74.34844444444418,74.34844444444418,2237,15,19,13,17,0,0,3,5,0,0,0,2,0,0,5,5,1,4,2,2,0,2,0,0,2,0,2,0,2,0,0,0,1,0
control,29,23193416,true,0,0,1,2379.7017101245265,2441.7511262923754,73.2568888888886,73.2568888888886,2668,20,16,18,14,0,0,3,7,0,0,2,5,0,0,10,10,7,2,2,2,2,0,1,0,5,2,5,2,2,1,3,1,0,0
control,30,23298145,false,0,0,1,1985.5833815609847,1974.6832957170432,75.43999999999974,75.43999999999974,2111,18,21,16,19,0,0,4,3,0,0,2,1,0,0,6,6,4,2,2,2,1,1,0,0,1,2,1,2,1,2,0,0,1,0
spd,1,20261004,true,0,0,1,2306.8018401065196,2100.6995025820315,75.16711111111086,75.16711111111086,2203,16,19,11,13,0,0,5,3,0,0,2,0,0,0,4,4,2,2,2,2,1,1,0,0,0,2,0,2,0,0,0,2,0,0
spd,2,20365733,false,2,0,3,2722.7153288799527,2378.6719667285706,73.5297777777775,73.5297777777775,3179,22,21,18,14,0,1,6,2,0,0,3,1,2,0,16,16,9,6,7,7,5,2,0,1,1,1,1,3,1,0,0,1,0,0
spd,3,20470462,true,1,0,3,2716.79272935451,2474.040151685925,73.2568888888886,73.2568888888886,2792,21,18,20,15,0,0,7,4,0,0,3,1,1,0,10,10,6,4,3,3,1,2,0,0,1,2,1,3,0,0,1,2,0,0
spd,4,20575191,false,0,0,1,2514.0061939584884,2299.8952634522334,74.07555555555528,74.07555555555528,2499,20,21,15,19,1,0,3,4,0,0,1,3,0,0,5,5,3,2,1,1,0,1,0,0,3,1,3,1,0,1,3,0,0,0
spd,5,20679920,true,0,0,1,2838.2952664018235,2645.4967317350092,73.2568888888886,73.2568888888886,2819,18,21,16,15,0,0,3,6,0,0,1,4,0,0,7,7,2,5,4,4,1,3,0,0,4,1,4,1,0,0,4,1,0,1
spd,6,20784649,false,0,0,1,2287.517999574969,2009.1029635799068,74.62133333333307,74.62133333333307,2334,16,21,15,16,0,0,7,2,0,0,3,0,0,0,7,7,5,1,2,2,2,0,1,0,0,3,0,3,0,2,0,1,1,0
spd,7,20889378,true,0,1,0,2289.4853619664605,2097.276680475096,74.89422222222196,74.89422222222196,2428,19,19,15,15,0,0,5,4,0,0,3,1,0,1,5,5,4,1,1,1,1,0,0,0,0,3,1,3,0,3,0,0,1,0
spd,8,20994107,false,0,0,1,2413.324992941787,2192.9813947048156,74.62133333333307,74.62133333333307,2337,18,22,14,17,0,0,4,4,0,0,1,3,0,0,5,5,2,3,2,2,1,1,0,0,3,1,3,1,2,1,1,0,0,1
spd,9,21098836,true,1,0,3,2601.5664185947344,2369.8702161829274,73.5297777777775,73.5297777777775,2737,14,22,13,19,0,0,6,4,0,0,3,1,1,0,5,5,3,2,1,1,0,1,0,0,1,2,1,3,0,0,1,2,0,0
spd,10,21203565,false,0,0,1,2267.364652989237,2112.4187892786713,74.62133333333307,74.62133333333307,2422,18,21,16,19,1,0,4,6,0,0,2,2,0,0,5,5,1,4,1,1,0,1,0,0,2,2,2,2,1,1,1,1,0,0
spd,11,21308294,true,1,2,0,2455.5803592466923,2289.563777894428,74.62133333333307,74.62133333333307,2837,26,13,22,13,0,0,5,5,0,0,2,4,1,2,7,7,5,2,0,0,0,0,0,0,2,1,4,2,1,0,1,1,0,0
spd,12,21413023,false,0,1,0,2580.0860896010854,2326.5634203226023,74.07555555555528,74.07555555555528,2695,22,19,20,13,0,0,7,3,0,0,3,1,0,1,9,9,5,4,3,3,2,1,0,0,0,3,1,3,0,1,0,2,0,0
spd,13,21517752,true,0,0,1,2613.849484364428,2473.231569681895,73.5297777777775,73.5297777777775,2784,15,25,12,22,2,0,5,3,0,0,3,2,0,0,7,7,3,4,2,2,0,2,0,0,2,3,2,3,1,3,1,0,0,0
spd,14,21622481,false,0,0,1,2594.252633744485,2471.6093870653162,73.8026666666664,73.8026666666664,2755,17,18,14,16,0,0,3,7,0,0,0,5,0,0,6,6,3,2,2,2,1,1,0,1,5,0,5,0,0,0,5,0,0,1
spd,15,21727210,true,0,0,1,2338.72946489933,2165.1871866116794,73.5297777777775,73.5297777777775,2595,15,20,12,17,1,0,5,5,0,0,4,1,0,0,2,2,0,1,0,0,0,0,0,1,1,4,1,4,0,4,1,0,0,0
spd,16,21831939,false,1,0,3,2588.617298653824,2364.2737401020836,74.07555555555528,74.07555555555528,2734,27,12,23,10,0,0,4,4,0,0,3,2,1,0,10,10,6,4,4,4,2,2,0,0,2,2,2,3,2,1,0,1,0,0
spd,17,21936668,true,1,0,3,2557.663304467503,2274.0695099475797,72.98399999999972,72.98399999999972,2797,22,17,20,12,0,2,6,3,0,0,4,1,1,0,5,5,4,1,4,4,3,1,0,0,1,3,1,4,0,1,1,2,0,0
spd,18,22041397,false,0,0,1,2433.472985451993,2233.3475868306127,74.62133333333307,74.62133333333307,2568,16,25,13,21,2,0,4,3,0,0,2,0,0,0,10,10,6,4,4,4,4,0,0,0,0,2,0,2,0,0,0,2,0,0
spd,19,22146126,true,2,0,3,2583.713124529948,2188.9874764097312,73.8026666666664,73.8026666666664,2789,17,22,12,16,0,0,6,3,0,0,3,1,2,0,6,6,3,3,3,3,1,2,0,0,1,1,1,3,1,1,0,0,0,0
spd,20,22250855,false,0,1,0,2595.059168800808,2367.347780281846,74.07555555555528,74.07555555555528,2930,17,15,13,13,0,0,6,6,0,0,2,4,0,1,7,7,2,4,2,2,1,1,0,1,3,2,4,2,2,1,1,1,0,0
spd,21,22355584,true,2,1,3,2874.9047138524447,2589.871660752345,72.98399999999972,72.98399999999972,3334,23,22,16,21,0,0,4,5,0,0,4,3,2,1,12,12,5,7,5,5,2,3,0,0,2,2,3,4,1,0,1,2,0,0
spd,22,22460313,false,3,0,3,2774.0513754820827,2314.1287499328428,73.8026666666664,73.8026666666664,3063,11,27,10,24,0,0,6,3,0,0,4,2,3,0,11,11,4,7,3,3,2,1,0,0,2,1,2,4,1,0,1,1,0,0
spd,23,22565042,true,1,1,1,2607.071718929859,2430.2084117274194,72.71111111111082,72.71111111111082,2964,22,17,19,13,1,0,3,4,0,0,2,2,1,1,9,9,4,5,2,2,1,1,0,0,1,1,2,2,0,1,1,0,0,0
spd,24,22669771,false,0,1,0,2693.993505265475,2567.6968618800865,73.2568888888886,73.2568888888886,3181,22,18,19,15,0,0,3,5,0,0,1,3,0,1,14,14,8,3,2,2,2,0,1,2,2,1,3,1,1,0,1,1,0,0
spd,25,22774500,true,0,0,1,2647.8459188040742,2380.4521986135173,73.5297777777775,73.5297777777775,2590,21,19,17,14,0,0,4,5,0,0,2,2,0,0,6,6,5,1,2,2,2,0,0,0,2,2,2,2,1,1,1,1,0,0
spd,26,22879229,false,1,1,1,2620.4354286444423,2364.132646627272,74.07555555555528,74.07555555555528,2885,16,25,14,19,0,0,4,5,0,0,2,4,1,1,7,7,4,3,2,2,2,0,0,0,3,1,4,2,1,1,2,0,0,0
spd,27,22983958,true,0,0,1,2137.4392182245288,2021.2281416386465,75.43999999999974,75.43999999999974,2106,23,12,18,10,0,0,3,4,0,0,0,1,0,0,7,7,4,3,2,2,0,2,0,0,1,0,1,0,0,0,1,0,0,0
spd,28,23088687,false,1,0,3,2437.834384800912,2146.71107387625,74.62133333333307,74.62133333333307,2492,18,19,17,15,0,0,5,3,0,0,4,2,1,0,6,6,3,3,3,3,2,1,0,0,2,3,2,4,1,3,1,0,0,0
spd,29,23193416,true,1,2,0,2891.66677954731,2607.5838479642703,72.98399999999972,72.98399999999972,3511,19,22,14,17,0,0,3,5,0,0,2,2,1,2,12,12,5,5,5,5,4,1,2,0,0,1,2,2,0,1,0,0,0,0
spd,30,23298145,false,0,0,1,2396.248314618772,2219.916845223175,74.07555555555528,74.07555555555528,2473,20,16,14,13,1,0,4,5,1,0,3,1,0,0,3,3,3,0,0,0,0,0,0,0,1,3,1,3,0,3,1,0,0,0
tec,1,20261004,true,0,1,0,2095.2669397476816,2150.9923685964527,74.89422222222196,74.89422222222196,2434,19,22,14,20,0,0,2,5,0,0,0,4,0,1,6,6,3,3,1,1,0,1,0,0,3,0,4,0,1,0,2,0,1,0
tec,2,20365733,false,2,1,3,2458.2611377581497,2391.397949196325,73.5297777777775,73.5297777777775,3222,16,19,16,16,0,0,6,6,0,0,3,3,2,1,7,7,3,3,1,1,0,1,0,1,2,1,3,3,0,1,2,0,1,0
tec,3,20470462,true,1,1,1,2586.3301968580063,2606.371784018096,72.98399999999972,72.98399999999972,3167,24,19,20,17,1,0,3,5,0,0,3,5,1,1,8,8,3,4,3,3,2,1,1,0,4,2,5,3,1,1,3,1,0,0
tec,4,20575191,false,0,1,0,2471.0826526330943,2461.800109808518,72.98399999999972,72.98399999999972,3063,20,19,19,15,0,0,6,5,0,0,3,4,0,1,8,8,2,4,3,3,1,2,2,0,3,3,4,3,1,3,2,0,0,0
tec,5,20679920,true,2,0,3,2531.2744000418725,2414.2196632555037,73.5297777777775,73.5297777777775,3045,18,24,16,19,0,1,4,3,0,0,2,2,1,0,7,7,4,3,2,2,1,1,0,0,2,1,2,2,0,0,2,1,0,0
tec,6,20784649,false,1,1,1,2439.578800745768,2454.003949555876,73.2568888888886,73.2568888888886,2907,21,20,16,18,0,0,4,5,0,0,4,5,1,1,5,5,2,3,2,2,0,2,0,0,4,3,5,4,2,1,2,2,0,0
tec,7,20889378,true,0,0,1,2002.7086584060278,2023.9510775224503,75.43999999999974,75.43999999999974,2143,23,16,19,13,0,0,2,4,0,0,1,2,0,0,6,6,3,3,2,2,2,0,0,0,2,1,2,1,2,1,0,0,0,0
tec,8,20994107,false,0,2,0,2309.7069358463036,2391.5797720614128,73.5297777777775,73.5297777777775,2888,15,24,13,21,0,0,5,5,0,0,3,4,0,2,4,4,1,3,1,1,0,1,0,0,2,3,4,3,0,3,2,0,0,0
tec,9,21098836,true,0,1,0,2029.358149184133,2136.4059974158395,74.89422222222196,74.89422222222196,2416,24,14,21,13,0,0,3,6,0,0,1,3,0,1,3,3,2,1,1,1,0,1,0,0,2,1,3,1,1,1,1,0,0,0
tec,10,21203565,false,0,0,1,2307.2855246007107,2302.7035573974813,72.16533333333305,72.16533333333305,2698,23,17,19,16,1,1,4,5,0,0,2,4,0,0,3,3,2,1,0,0,0,0,0,0,4,2,4,2,2,2,2,0,0,0
tec,11,21308294,true,1,0,3,2274.6748084897085,2260.5360790527843,74.07555555555528,74.07555555555528,2675,31,11,30,9,0,1,4,3,0,0,3,1,1,0,6,6,5,1,2,2,2,0,0,0,1,2,1,3,1,0,0,2,0,0
tec,12,21413023,false,2,1,3,2733.6313661518,2646.14226156572,72.98399999999972,72.98399999999972,3542,23,17,18,14,0,0,6,5,0,0,5,2,2,1,5,5,4,0,1,1,1,0,1,0,1,3,2,5,0,1,1,2,0,0
tec,13,21517752,true,1,1,1,2727.9876959143103,2859.495398327454,71.89244444444415,71.89244444444415,3717,16,23,12,20,2,0,4,7,0,0,2,5,1,1,7,7,3,2,2,2,1,1,0,2,4,1,5,2,2,0,2,1,0,0
tec,14,21622481,false,2,1,3,2650.006811738302,2556.1753709522714,72.98399999999972,72.98399999999972,3364,20,22,17,21,0,0,6,6,0,0,4,5,2,1,8,8,5,2,3,3,2,1,1,0,4,2,5,4,1,2,3,0,0,0
tec,15,21727210,true,2,0,3,2609.526618007862,2545.1500815800996,73.2568888888886,73.2568888888886,3320,22,16,17,13,0,1,4,5,0,0,2,4,2,0,8,8,3,4,2,2,0,2,0,1,4,0,4,2,0,0,4,0,0,0
tec,16,21831939,false,1,0,3,2351.479044779172,2224.2778367228543,73.8026666666664,73.8026666666664,2731,23,17,19,15,0,1,3,4,0,0,2,2,1,0,6,6,4,2,1,1,1,0,0,0,2,1,2,2,1,1,1,0,0,0
tec,17,21936668,true,2,1,3,2488.8085264501246,2349.3260970148317,72.98399999999972,72.98399999999972,3064,22,28,16,22,0,1,3,4,0,0,3,1,2,1,13,13,3,10,6,6,1,5,0,0,0,1,1,3,0,1,0,0,0,0
tec,18,22041397,false,0,0,1,2137.9853468508604,2063.5543971841257,74.89422222222196,74.89422222222196,2203,14,24,10,22,0,0,3,4,0,0,0,3,0,0,6,6,3,3,1,1,0,1,0,0,3,0,3,0,2,0,1,0,0,0
tec,19,22146126,true,0,0,1,2094.2416039037867,2022.423720531313,75.43999999999974,75.43999999999974,2141,19,22,16,19,0,0,3,3,0,0,1,2,0,0,7,7,5,2,3,3,1,2,0,0,2,1,2,1,0,0,2,1,0,0
tec,20,22250855,false,1,1,1,2603.960264443883,2637.5029925419885,73.2568888888886,73.2568888888886,3321,23,19,17,16,1,0,3,8,0,0,1,6,1,1,10,10,5,4,4,4,1,3,0,1,5,0,6,1,1,0,4,0,0,0
tec,21,22355584,true,1,1,1,2434.8380039291637,2442.4798200605064,72.71111111111082,72.71111111111082,3178,21,19,17,17,2,0,3,6,0,0,2,5,1,1,1,1,1,0,0,0,0,0,0,0,4,1,5,2,1,1,3,0,0,0
tec,22,22460313,false,0,0,1,2128.7246498326176,2196.704494930378,74.62133333333307,74.62133333333307,2345,17,16,15,15,0,0,5,6,0,0,3,2,0,0,7,7,2,5,3,3,0,3,0,0,2,3,2,3,1,1,1,2,0,0
tec,23,22565042,true,3,0,3,2562.7937049085526,2401.5931462131116,72.98399999999972,72.98399999999972,3225,20,20,19,19,0,0,6,4,0,0,5,3,3,0,5,5,3,1,0,0,0,0,0,1,3,2,3,5,1,2,2,0,0,0
tec,24,22669771,false,2,0,3,2212.7173904366005,2069.010806962872,74.89422222222196,74.89422222222196,2568,22,16,18,13,0,0,6,4,0,0,4,1,2,0,10,10,5,5,3,3,1,2,0,0,1,2,1,4,0,1,1,1,0,0
tec,25,22774500,true,0,1,0,2730.6769015583154,2718.992664394364,71.89244444444415,71.89244444444415,3231,22,16,18,11,0,0,5,6,0,0,1,3,0,1,11,11,6,4,3,3,2,1,1,0,2,1,3,1,0,0,2,1,0,2
tec,26,22879229,false,0,4,0,2493.0466178187194,2719.2352550272876,72.98399999999972,72.98399999999972,3696,19,20,15,15,1,0,5,6,0,0,4,4,0,4,6,6,3,2,2,2,2,0,0,1,0,4,4,4,0,3,0,1,0,0
tec,27,22983958,true,1,1,1,2170.422275876842,2144.846334691136,74.62133333333307,74.62133333333307,2725,15,20,13,18,0,0,6,5,0,0,4,2,1,1,2,2,1,1,1,1,0,1,0,0,1,3,2,4,1,3,0,0,0,0
tec,28,23088687,false,0,0,1,2067.674068693956,2116.7532452348473,74.34844444444418,74.34844444444418,2234,15,19,13,17,0,0,3,5,0,0,0,2,0,0,5,5,1,4,2,2,0,2,0,0,2,0,2,0,2,0,0,0,1,0
tec,29,23193416,true,0,0,1,2225.124614224068,2209.6159493502214,74.07555555555528,74.07555555555528,2460,14,17,14,15,0,0,5,5,0,0,3,2,0,0,7,7,3,3,2,2,1,1,1,0,2,3,2,3,1,1,1,2,0,0
tec,30,23298145,false,0,0,1,1985.8492223768733,1974.536900604706,75.43999999999974,75.43999999999974,2111,18,21,16,19,0,0,4,3,0,0,2,1,0,0,6,6,4,2,2,2,1,1,0,0,1,2,1,2,1,2,0,0,1,0
pas,1,20261004,true,1,1,1,2437.4897072714853,2477.7841057144838,73.2568888888886,73.2568888888886,3056,23,20,20,17,0,0,4,6,0,0,3,3,1,1,7,7,3,3,3,3,3,0,0,1,2,2,3,3,0,2,2,0,0,0
pas,2,20365733,false,1,0,3,2445.952305547524,2468.8101961105767,73.2568888888886,73.2568888888886,3012,20,17,17,15,0,0,3,6,0,1,1,2,1,0,15,15,3,10,4,4,0,4,0,2,2,0,2,1,1,0,1,0,0,0
pas,3,20470462,true,1,1,1,2614.5839369598125,2684.1138963636668,72.98399999999972,72.98399999999972,3326,25,20,22,15,1,1,4,3,0,0,2,2,1,1,6,6,5,1,4,4,3,1,0,0,1,1,2,2,0,0,1,1,0,0
pas,4,20575191,false,2,2,1,2458.952073104698,2492.2626645457003,72.98399999999972,72.98399999999972,3498,22,21,21,18,0,0,8,5,0,0,7,3,2,2,8,8,3,4,3,3,1,2,0,1,1,5,3,7,1,4,0,1,1,0
pas,5,20679920,true,3,0,3,2440.2774886161196,2253.6061363237413,73.5297777777775,73.5297777777775,2950,20,20,19,17,0,0,7,3,0,0,5,2,3,0,4,4,4,0,2,2,2,0,0,0,2,2,2,5,0,0,2,2,0,0
pas,6,20784649,false,1,0,3,2569.84479393096,2413.8241441229106,72.98399999999972,72.98399999999972,2949,19,19,18,15,0,0,8,4,0,0,3,3,1,0,5,5,2,2,1,1,1,0,1,0,3,2,3,3,1,0,2,2,0,0
pas,7,20889378,true,0,0,1,2147.707963790935,2217.9088002883223,74.62133333333307,74.62133333333307,2362,21,21,16,16,1,0,3,4,0,0,2,2,0,0,10,10,5,5,4,4,2,2,0,0,2,2,2,2,0,1,2,1,0,0
pas,8,20994107,false,0,1,0,2292.837854948576,2295.99083455453,74.07555555555528,74.07555555555528,2652,19,19,17,18,0,0,6,5,0,0,4,3,0,1,4,4,1,3,2,2,1,1,0,0,2,4,3,4,2,2,0,2,1,0
pas,9,21098836,true,0,0,1,2630.4399333352453,2554.676877744185,72.98399999999972,72.98399999999972,3114,20,27,17,20,0,1,5,3,0,0,2,0,0,0,11,11,4,5,3,3,1,2,1,1,0,2,0,2,0,1,0,1,0,0
pas,10,21203565,false,1,1,1,2279.995161194887,2169.3824987527246,74.07555555555528,74.07555555555528,2744,17,21,17,17,0,0,7,3,0,0,6,2,1,1,6,6,3,3,2,2,2,0,0,0,1,5,2,6,0,4,1,1,0,0
pas,11,21308294,true,0,1,0,2204.3858716582495,2272.204504875293,73.8026666666664,73.8026666666664,2602,27,12,25,11,0,0,4,5,0,0,2,3,0,1,5,5,3,1,2,2,1,1,0,1,2,2,3,2,0,1,2,1,0,0
pas,12,21413023,false,0,1,0,2345.935938841189,2419.4037308570432,72.98399999999972,72.98399999999972,2703,20,20,15,13,0,0,4,5,0,0,2,3,0,1,10,10,4,6,5,5,2,3,0,0,2,2,3,2,1,1,1,1,0,0
pas,13,21517752,true,0,1,0,2503.7318675339166,2565.109330061291,73.2568888888886,73.2568888888886,2969,25,19,17,14,0,1,3,4,0,0,3,3,0,1,10,10,2,8,4,4,0,4,0,0,2,3,3,3,2,1,0,2,0,1
pas,14,21622481,false,2,1,3,2520.305413639344,2522.902794938131,72.98399999999972,72.98399999999972,3465,20,18,17,17,0,0,5,6,0,0,4,5,2,1,8,8,3,3,3,3,1,2,1,1,4,2,5,4,3,1,1,1,0,0
pas,15,21727210,true,0,0,1,2457.3071384390164,2436.199105160924,73.2568888888886,73.2568888888886,2734,19,18,15,15,0,0,5,6,0,0,2,3,0,0,13,13,4,8,5,5,2,3,0,1,3,2,3,2,1,1,2,1,1,0
pas,16,21831939,false,3,1,3,2561.364395798329,2450.995303408404,72.98399999999972,72.98399999999972,3274,21,20,20,17,0,0,7,4,0,0,6,4,3,1,11,11,6,5,3,3,1,2,0,0,3,3,4,6,1,1,2,2,0,0
pas,17,21936668,true,1,0,3,2255.4956278941686,2200.7108420101204,72.98399999999972,72.98399999999972,2635,19,20,17,18,1,0,3,5,0,0,3,1,1,0,11,11,2,9,4,4,2,2,0,0,1,2,1,3,1,0,0,2,0,0
pas,18,22041397,false,2,1,3,2360.5145611325916,2262.205079625291,74.07555555555528,74.07555555555528,2982,22,25,19,22,0,0,4,3,0,0,3,2,2,1,13,13,6,7,6,6,2,4,0,0,1,1,2,3,1,1,0,0,0,0
pas,19,22146126,true,0,1,0,2476.5317130940894,2541.572286174347,73.5297777777775,73.5297777777775,2806,31,16,25,14,0,0,3,5,0,0,3,3,0,1,13,13,6,7,5,5,3,2,0,0,2,3,3,3,0,2,2,1,0,1
pas,20,22250855,false,1,2,0,2373.793421362197,2580.1542879727012,72.98399999999972,72.98399999999972,3334,22,17,20,15,1,0,5,6,0,0,3,4,1,2,6,6,5,1,1,1,1,0,0,0,2,2,4,3,2,1,0,1,0,0
pas,21,22355584,true,0,0,1,2575.941190982121,2528.3768555219544,72.98399999999972,72.98399999999972,2999,20,25,16,22,2,1,3,5,0,0,1,4,0,0,4,4,3,1,1,1,1,0,0,0,4,1,4,1,2,0,2,1,0,0
pas,22,22460313,false,1,0,3,2128.950075931231,2026.8925541243893,74.89422222222196,74.89422222222196,2414,13,25,12,24,0,0,4,5,0,0,2,3,1,0,6,6,1,5,2,2,1,1,0,0,3,1,3,2,2,1,1,0,0,0
pas,23,22565042,true,1,0,3,2564.173936523421,2389.5434153895967,73.5297777777775,73.5297777777775,2954,20,16,16,13,1,0,6,3,0,0,4,0,1,0,5,5,5,0,2,2,2,0,0,0,0,3,0,4,0,2,0,1,0,0
pas,24,22669771,false,0,2,0,2400.4793533286825,2421.5662815053447,73.2568888888886,73.2568888888886,3053,19,17,17,14,0,1,5,5,0,0,3,3,0,2,8,8,3,4,3,3,1,2,1,0,1,3,3,3,0,0,1,3,0,0
pas,25,22774500,true,0,1,0,2551.8540212612884,2511.1239729144263,72.98399999999972,72.98399999999972,3105,25,19,20,14,0,1,6,4,1,0,3,2,0,1,11,11,3,7,3,3,0,3,1,0,1,3,2,3,1,1,0,2,0,0
pas,26,22879229,false,2,2,1,2548.2435526961767,2526.539225681942,72.98399999999972,72.98399999999972,3452,21,19,18,15,0,0,5,5,0,0,4,3,2,2,3,3,1,2,2,2,1,1,0,0,1,2,3,4,0,2,1,0,0,0
pas,27,22983958,true,1,1,1,2165.062915447124,2174.7312825857566,74.62133333333307,74.62133333333307,2727,17,19,14,17,0,0,5,5,0,0,4,2,1,1,4,4,2,2,3,3,1,2,0,0,1,3,2,4,1,3,0,0,0,0
pas,28,23088687,false,1,2,0,2312.7232825811657,2380.210921612147,74.07555555555528,74.07555555555528,3102,16,23,15,21,0,1,5,5,0,0,4,3,1,2,6,6,2,4,2,2,0,2,0,0,1,3,3,4,1,3,0,0,0,0
pas,29,23193416,true,0,0,1,2334.055373509577,2367.628253661293,73.2568888888886,73.2568888888886,2707,16,20,16,17,0,1,6,6,0,1,5,2,0,0,3,3,1,1,0,0,0,0,1,0,2,5,2,5,1,2,1,3,0,0
pas,30,23298145,false,0,1,0,2250.579719264985,2241.6705943984985,73.8026666666664,73.8026666666664,2695,15,24,14,23,0,0,4,5,0,0,1,2,0,1,7,7,1,5,2,2,0,2,1,0,1,1,2,1,1,1,0,0,0,0
fin,1,20261004,true,0,1,0,2120.5087494989516,2168.644171328373,74.89422222222196,74.89422222222196,2459,17,25,12,21,0,0,3,5,0,0,1,4,0,1,6,6,2,4,1,1,0,1,0,0,3,1,4,1,1,1,2,0,1,0
fin,2,20365733,false,2,1,3,2458.2611377581497,2391.397949196325,73.5297777777775,73.5297777777775,3222,16,19,16,16,0,0,6,6,0,0,3,3,2,1,7,7,3,3,1,1,0,1,0,1,2,1,3,3,0,1,2,0,1,0
fin,3,20470462,true,1,1,1,2513.427366274624,2621.7978186701203,72.16533333333305,72.16533333333305,3061,18,21,17,18,0,0,6,5,0,0,4,3,1,1,4,4,3,1,3,3,3,0,0,0,2,3,3,4,0,1,2,2,0,0
fin,4,20575191,false,2,3,0,2832.6128294162295,2939.6374897698643,72.98399999999972,72.98399999999972,3980,20,19,19,15,0,0,5,7,0,0,4,6,2,3,9,9,2,6,2,2,1,1,1,0,3,2,6,4,2,2,1,0,0,0
fin,5,20679920,true,1,0,3,2392.43342153461,2341.7106991595774,74.07555555555528,74.07555555555528,2617,19,27,14,24,0,0,1,3,0,0,0,3,0,0,14,14,5,9,5,5,3,2,0,0,3,0,3,0,1,0,2,0,0,0
fin,6,20784649,false,1,1,1,2439.578800745768,2454.003949555876,73.2568888888886,73.2568888888886,2907,21,20,16,18,0,0,4,5,0,0,4,5,1,1,5,5,2,3,2,2,0,2,0,0,4,3,5,4,2,1,2,2,0,0
fin,7,20889378,true,0,0,1,2002.7086584060278,2023.9510775224503,75.43999999999974,75.43999999999974,2143,23,16,19,13,0,0,2,4,0,0,1,2,0,0,6,6,3,3,2,2,2,0,0,0,2,1,2,1,2,1,0,0,0,0
fin,8,20994107,false,0,1,0,2506.033680742476,2515.95889172396,73.5297777777775,73.5297777777775,2855,19,21,14,17,0,0,5,4,0,0,3,2,0,1,6,6,1,5,2,2,0,2,0,0,1,3,2,3,0,2,1,1,0,0
fin,9,21098836,true,1,0,3,2764.5434108944196,2682.749063285324,72.98399999999972,72.98399999999972,3159,26,25,22,19,1,0,5,1,0,0,4,0,1,0,8,8,5,3,3,3,2,1,0,0,0,3,0,4,0,1,0,2,0,0
fin,10,21203565,false,1,0,3,2411.2011505227574,2345.3550833073377,72.98399999999972,72.98399999999972,2954,22,18,19,16,1,1,5,5,0,1,3,3,1,0,2,2,1,1,0,0,0,0,0,0,3,2,3,3,2,1,1,1,0,0
fin,11,21308294,true,1,0,3,2101.140351497234,2126.3227638965245,74.89422222222196,74.89422222222196,2449,21,14,17,12,0,0,4,6,0,0,3,3,1,0,8,8,3,5,4,4,2,2,0,0,3,2,3,3,2,1,1,1,0,0
fin,12,21413023,false,2,1,3,2733.6313661518,2646.14226156572,72.98399999999972,72.98399999999972,3542,23,17,18,14,0,0,6,5,0,0,5,2,2,1,5,5,4,0,1,1,1,0,1,0,1,3,2,5,0,1,1,2,0,0
fin,13,21517752,true,1,1,1,2727.9876959143103,2859.495398327454,71.89244444444415,71.89244444444415,3717,16,23,12,20,2,0,4,7,0,0,2,5,1,1,7,7,3,2,2,2,1,1,0,2,4,1,5,2,2,0,2,1,0,0
fin,14,21622481,false,2,1,3,2650.006811738302,2556.1753709522714,72.98399999999972,72.98399999999972,3364,20,22,17,21,0,0,6,6,0,0,4,5,2,1,8,8,5,2,3,3,2,1,1,0,4,2,5,4,1,2,3,0,0,0
fin,15,21727210,true,0,1,0,2363.4957683575376,2407.8209409552856,74.07555555555528,74.07555555555528,2663,18,23,12,19,0,0,2,7,0,0,2,7,0,1,13,13,5,8,5,5,2,3,0,0,6,2,7,2,2,2,4,0,0,0
fin,16,21831939,false,2,0,3,2530.3860949942705,2344.399157241419,72.98399999999972,72.98399999999972,3065,22,21,18,16,0,1,4,4,0,0,3,2,2,0,8,8,6,2,2,2,2,0,0,0,2,1,2,3,2,1,0,0,0,0
fin,17,21936668,true,2,1,3,2488.8085264501246,2349.3260970148317,72.98399999999972,72.98399999999972,3064,22,28,16,22,0,1,3,4,0,0,3,1,2,1,13,13,3,10,6,6,1,5,0,0,0,1,1,3,0,1,0,0,0,0
fin,18,22041397,false,0,1,0,2125.8008934880586,2109.6370926893496,74.89422222222196,74.89422222222196,2374,13,30,10,29,0,0,2,4,0,0,0,3,0,1,5,5,1,4,1,1,0,1,0,0,2,0,3,0,1,0,1,0,0,0
fin,19,22146126,true,0,1,0,2219.5790897006864,2264.0118036263298,73.5297777777775,73.5297777777775,2537,18,16,14,12,0,0,5,4,0,0,4,4,0,1,6,6,3,3,2,2,0,2,0,0,3,4,4,4,1,3,2,1,1,0
fin,20,22250855,false,1,1,1,2603.960264443883,2637.5029925419885,73.2568888888886,73.2568888888886,3321,23,19,17,16,1,0,3,8,0,0,1,6,1,1,10,10,5,4,4,4,1,3,0,1,5,0,6,1,1,0,4,0,0,0
fin,21,22355584,true,1,1,1,2434.8380039291637,2442.4798200605064,72.71111111111082,72.71111111111082,3178,21,19,17,17,2,0,3,6,0,0,2,5,1,1,1,1,1,0,0,0,0,0,0,0,4,1,5,2,1,1,3,0,0,0
fin,22,22460313,false,1,0,3,2321.949582299106,2369.0015337723466,73.5297777777775,73.5297777777775,2755,21,22,15,20,1,0,1,5,0,0,1,3,1,0,7,7,4,3,2,2,2,0,0,0,3,0,3,1,2,0,1,0,0,0
fin,23,22565042,true,3,1,3,2677.510157843565,2668.203191960379,73.5297777777775,73.5297777777775,3553,21,19,19,17,0,0,7,6,0,0,7,3,3,1,4,4,2,2,2,2,1,1,0,0,2,4,3,7,0,3,2,1,1,0
fin,24,22669771,false,0,0,1,2288.262552545307,2274.6297975723683,74.62133333333307,74.62133333333307,2391,18,19,14,15,0,0,4,6,0,0,2,3,0,0,9,9,3,6,4,4,0,4,0,0,3,2,3,2,0,1,3,1,0,2
fin,25,22774500,true,0,1,0,2634.035078009529,2707.641961462103,72.98399999999972,72.98399999999972,3201,19,22,12,17,3,0,3,5,0,0,1,4,0,1,7,7,3,4,2,2,1,1,0,0,3,1,4,1,1,1,2,0,0,0
fin,26,22879229,false,1,1,1,2315.368154653362,2230.6861923310234,74.07555555555528,74.07555555555528,2810,18,20,15,14,0,0,7,4,0,0,7,3,1,1,6,6,2,4,2,2,2,0,0,0,2,6,3,7,1,6,1,0,0,0
fin,27,22983958,true,1,1,1,2170.422275876842,2144.846334691136,74.62133333333307,74.62133333333307,2725,15,20,13,18,0,0,6,5,0,0,4,2,1,1,2,2,1,1,1,1,0,1,0,0,1,3,2,4,1,3,0,0,0,0
fin,28,23088687,false,1,0,3,2324.8845838591237,2246.3927218166996,73.8026666666664,73.8026666666664,2707,16,23,13,21,1,0,4,4,0,0,3,1,1,0,5,5,4,1,2,2,1,1,0,0,1,2,1,3,0,0,1,2,0,0
fin,29,23193416,true,0,0,1,2379.680000732691,2441.750265869304,73.2568888888886,73.2568888888886,2668,20,16,18,14,0,0,3,7,0,0,2,5,0,0,10,10,7,2,2,2,2,0,1,0,5,2,5,2,2,1,3,1,0,0
fin,30,23298145,false,1,0,3,2547.6711090970666,2478.9039196392664,72.98399999999972,72.98399999999972,3152,16,27,13,23,2,1,6,3,0,0,5,3,1,0,4,4,2,2,2,2,0,2,0,0,3,4,3,5,1,1,2,3,3,0
tak,1,20261004,true,0,1,0,2103.8976781824235,2153.6505398066042,74.89422222222196,74.89422222222196,2434,17,23,12,20,0,0,3,5,0,0,0,4,0,1,6,6,2,4,1,1,0,1,0,0,3,0,4,0,1,0,2,0,1,0
tak,2,20365733,false,2,0,3,2547.7531572874186,2408.230201668315,72.98399999999972,72.98399999999972,3136,18,21,14,17,1,0,7,3,0,0,4,2,2,0,16,16,13,2,1,1,1,0,0,1,2,2,2,4,0,1,2,1,1,0
tak,3,20470462,true,1,1,1,2507.286696008852,2569.06107713086,72.98399999999972,72.98399999999972,3110,19,23,15,19,1,0,4,4,0,0,2,3,1,1,8,8,5,3,3,3,1,2,0,0,2,1,3,2,0,0,2,1,0,0
tak,4,20575191,false,1,2,0,2626.333500166197,2743.279695961691,72.98399999999972,72.98399999999972,3434,20,21,18,16,0,0,5,6,0,0,4,5,1,2,13,13,3,9,5,5,2,3,1,0,3,3,5,4,2,3,1,0,0,0
tak,5,20679920,true,0,0,1,2524.651662817408,2580.2955262898477,72.98399999999972,72.98399999999972,2845,21,20,19,15,0,0,5,5,0,0,1,2,0,0,8,8,4,3,3,3,2,1,0,1,2,1,2,1,0,0,2,1,0,0
tak,6,20784649,false,1,1,1,2479.672318506433,2494.9800499447724,73.2568888888886,73.2568888888886,3106,25,19,19,16,0,1,3,5,0,0,3,4,1,1,4,4,1,3,2,2,0,2,0,0,3,2,4,3,2,1,1,1,0,0
tak,7,20889378,true,0,0,1,2013.6940576976742,2091.39056037025,75.43999999999974,75.43999999999974,2171,27,16,22,13,1,0,1,4,0,0,1,1,0,0,10,10,5,5,4,4,3,1,0,0,1,1,1,1,1,1,0,0,0,0
tak,8,20994107,false,0,2,0,2309.7168469668104,2391.5859408142946,73.5297777777775,73.5297777777775,2888,15,24,13,21,0,0,5,5,0,0,3,4,0,2,4,4,1,3,1,1,0,1,0,0,2,3,4,3,0,3,2,0,0,0
tak,9,21098836,true,1,0,3,2509.238710016651,2410.128035716513,72.16533333333305,72.16533333333305,2813,21,20,18,16,0,0,6,3,0,0,2,2,1,0,14,14,11,3,6,6,5,1,0,0,2,1,2,2,1,0,1,1,0,0
tak,10,21203565,false,0,0,1,2307.312322360802,2302.7191830882225,72.16533333333305,72.16533333333305,2698,23,17,19,16,1,1,4,5,0,0,2,4,0,0,3,3,2,1,0,0,0,0,0,0,4,2,4,2,2,2,2,0,0,0
tak,11,21308294,true,0,0,1,2122.532245574758,2181.2594891699027,74.62133333333307,74.62133333333307,2365,20,13,16,11,0,0,5,6,0,1,3,3,0,0,8,8,3,5,3,3,1,2,0,0,3,3,3,3,2,1,1,2,0,0
tak,12,21413023,false,1,2,0,2407.9251420959417,2513.627745175156,73.2568888888886,73.2568888888886,3151,21,18,19,15,0,0,6,5,0,0,3,3,1,2,6,6,4,2,2,2,1,1,0,0,1,2,3,3,0,1,1,1,0,0
tak,13,21517752,true,1,1,1,2730.5908026359684,2859.5190234835354,71.89244444444415,71.89244444444415,3717,16,23,12,20,2,0,4,7,0,0,2,5,1,1,7,7,3,2,2,2,1,1,0,2,4,1,5,2,2,0,2,1,0,0
tak,14,21622481,false,2,1,3,2649.1004419522283,2553.7417912930446,72.98399999999972,72.98399999999972,3381,16,22,14,22,0,0,7,6,0,1,4,4,2,1,7,7,5,1,2,2,1,1,1,0,3,2,4,4,1,2,2,0,0,0
tak,15,21727210,true,1,1,1,2649.3982191337677,2639.2966759655374,71.89244444444415,71.89244444444415,3202,16,22,12,18,0,0,4,7,0,0,1,6,1,0,11,11,4,6,4,4,2,2,1,0,6,0,6,1,2,0,4,0,0,0
tak,16,21831939,false,1,0,3,2351.499755354613,2224.2826031994678,73.8026666666664,73.8026666666664,2731,23,17,19,15,0,1,3,4,0,0,2,2,1,0,6,6,4,2,1,1,1,0,0,0,2,1,2,2,1,1,1,0,0,0
tak,17,21936668,true,2,0,3,2492.6132419842584,2352.0468719748797,72.98399999999972,72.98399999999972,2965,22,28,16,22,0,1,3,4,0,0,3,0,2,0,13,13,3,10,6,6,1,5,0,0,0,1,0,3,0,1,0,0,0,0
tak,18,22041397,false,0,0,1,2108.883478886217,2112.355020505032,75.16711111111086,75.16711111111086,2242,17,21,12,18,0,0,3,3,0,0,1,0,0,0,8,8,5,3,1,1,0,1,0,0,0,1,0,1,0,0,0,1,0,0
tak,19,22146126,true,0,1,0,2204.211482975119,2191.8208509677524,74.62133333333307,74.62133333333307,2510,13,18,11,16,0,0,4,4,0,0,2,4,0,1,7,7,1,6,3,3,0,3,0,0,3,2,4,2,1,2,2,0,0,0
tak,20,22250855,false,0,1,0,2100.9355913490667,2132.754678897995,74.89422222222196,74.89422222222196,2430,19,17,13,15,0,0,4,7,0,0,1,2,0,1,7,7,1,6,3,3,0,3,0,0,1,1,2,1,0,0,1,1,0,1
tak,21,22355584,true,1,1,1,2434.8938095252192,2442.4837085776685,72.71111111111082,72.71111111111082,3178,21,19,17,17,2,0,3,6,0,0,2,5,1,1,1,1,1,0,0,0,0,0,0,0,4,1,5,2,1,1,3,0,0,0
tak,22,22460313,false,1,0,3,2321.949582299106,2369.0015337723466,73.5297777777775,73.5297777777775,2755,21,22,15,20,1,0,1,5,0,0,1,3,1,0,7,7,4,3,2,2,2,0,0,0,3,0,3,1,2,0,1,0,0,0
tak,23,22565042,true,1,0,3,2252.419808509297,2117.981414782942,74.62133333333307,74.62133333333307,2507,19,17,16,13,0,0,6,2,0,0,3,1,1,0,5,5,5,0,1,1,1,0,0,0,1,2,1,3,1,0,0,2,1,0
tak,24,22669771,false,0,0,1,2288.291458975964,2274.642692107388,74.62133333333307,74.62133333333307,2391,18,19,14,15,0,0,4,6,0,0,2,3,0,0,9,9,3,6,4,4,0,4,0,0,3,2,3,2,0,1,3,1,0,2
tak,25,22774500,true,0,1,0,2634.0550327049077,2707.644719292076,72.98399999999972,72.98399999999972,3201,19,22,12,17,3,0,3,5,0,0,1,4,0,1,7,7,3,4,2,2,1,1,0,0,3,1,4,1,1,1,2,0,0,0
tak,26,22879229,false,0,1,0,2166.4505057849133,2161.1190885843716,74.62133333333307,74.62133333333307,2521,23,18,15,13,0,0,4,4,0,0,4,3,0,1,11,11,5,6,3,3,2,1,0,0,2,4,3,4,2,4,0,0,0,0
tak,27,22983958,true,1,1,1,2170.4091700930903,2144.869985417357,74.62133333333307,74.62133333333307,2725,15,20,13,18,0,0,6,5,0,0,4,2,1,1,2,2,1,1,1,1,0,1,0,0,1,3,2,4,1,3,0,0,0,0
tak,28,23088687,false,0,0,1,2055.915158801972,2076.97622902122,75.16711111111086,75.16711111111086,2198,10,24,8,22,0,0,3,5,0,0,0,1,0,0,6,6,1,5,3,3,0,3,0,0,1,0,1,0,0,0,1,0,0,0
tak,29,23193416,true,0,0,1,2379.7017101245265,2441.7511262923754,73.2568888888886,73.2568888888886,2668,20,16,18,14,0,0,3,7,0,0,2,5,0,0,10,10,7,2,2,2,2,0,1,0,5,2,5,2,2,1,3,1,0,0
tak,30,23298145,false,0,0,1,1985.5833815609847,1974.6832957170432,75.43999999999974,75.43999999999974,2111,18,21,16,19,0,0,4,3,0,0,2,1,0,0,6,6,4,2,2,2,1,1,0,0,1,2,1,2,1,2,0,0,1,0
pos,1,20261004,true,0,0,1,2200.9839335739225,2076.937659819587,74.62133333333307,74.62133333333307,2352,15,21,11,18,0,0,6,5,0,0,2,3,0,0,3,3,1,2,2,2,1,1,0,0,3,2,3,2,2,1,1,1,0,0
pos,2,20365733,false,1,2,0,2405.7806890069864,2403.374561080095,74.07555555555528,74.07555555555528,3284,19,22,15,17,0,0,4,6,0,0,4,4,1,2,10,10,0,8,3,3,0,3,1,1,2,3,4,4,1,2,1,1,0,0
pos,3,20470462,true,0,1,0,2472.2649951268377,2579.2438590603115,72.16533333333305,72.16533333333305,2824,22,20,19,16,0,0,5,5,0,0,4,3,0,1,5,5,3,2,4,4,3,1,0,0,2,4,3,4,0,1,2,3,0,0
pos,4,20575191,false,1,1,1,2469.746505973055,2444.064533230846,73.5297777777775,73.5297777777775,3104,18,20,14,17,1,0,5,7,0,0,4,4,1,1,8,8,4,4,4,4,2,2,0,0,3,3,4,4,1,2,2,1,0,0
pos,5,20679920,true,0,0,1,2037.7042131636408,2013.822777179143,75.43999999999974,75.43999999999974,2129,17,20,13,17,0,0,4,4,0,0,1,3,0,0,8,8,4,4,4,4,2,2,0,0,3,1,3,1,1,1,2,0,0,0
pos,6,20784649,false,3,0,3,2725.5158991496396,2419.7181483056083,72.98399999999972,72.98399999999972,3465,19,19,17,16,0,0,6,5,0,0,3,3,3,0,6,6,2,2,0,0,0,0,2,0,3,0,3,3,0,0,3,0,0,0
pos,7,20889378,true,2,0,3,2631.2168223300873,2542.6420805313,72.98399999999972,72.98399999999972,3325,26,18,23,14,1,1,5,5,0,0,2,3,2,0,8,8,4,4,2,2,2,0,0,0,3,0,3,2,1,0,2,0,0,0
pos,8,20994107,false,1,1,1,2448.6331264194173,2521.1933509555865,72.98399999999972,72.98399999999972,3115,21,19,17,17,0,0,5,6,0,0,4,2,1,1,5,5,2,2,1,1,1,0,0,1,1,3,2,4,1,1,0,2,0,0
pos,9,21098836,true,1,0,3,2800.1214602311434,2701.885691144335,72.98399999999972,72.98399999999972,3110,20,25,15,16,0,0,6,1,0,0,3,0,1,0,12,12,6,6,5,5,2,3,0,0,0,2,0,3,0,0,0,2,1,1
pos,10,21203565,false,0,1,0,2058.994540512188,2064.573534033383,74.89422222222196,74.89422222222196,2421,15,21,14,19,0,0,5,6,0,0,2,2,0,1,2,2,0,2,0,0,0,0,0,0,1,2,2,2,1,2,0,0,0,0
pos,11,21308294,true,0,0,1,2129.7115551864645,2074.8805265096885,74.62133333333307,74.62133333333307,2312,20,17,17,15,0,0,5,3,0,0,2,1,0,0,8,8,2,5,1,1,0,1,1,0,1,2,1,2,1,1,0,1,0,0
pos,12,21413023,false,0,2,0,2423.9319925543587,2405.9357425694907,73.5297777777775,73.5297777777775,3061,18,19,17,17,0,0,6,5,0,0,4,2,0,2,4,4,2,1,1,1,1,0,1,0,0,4,2,4,0,2,0,2,0,0
pos,13,21517752,true,1,0,3,2435.60276926923,2333.103924968516,72.98399999999972,72.98399999999972,2897,19,20,16,16,0,1,4,5,0,0,2,4,1,0,6,6,3,2,2,2,1,1,0,1,4,1,4,2,3,1,1,0,0,0
pos,14,21622481,false,1,1,1,2220.1554120543665,2223.3560585321848,74.07555555555528,74.07555555555528,2726,21,15,19,15,0,0,5,5,0,0,4,2,1,1,3,3,3,0,1,1,1,0,0,0,1,3,2,4,0,2,1,1,0,1
pos,15,21727210,true,2,0,3,2487.7687983490937,2498.8564267369748,72.98399999999972,72.98399999999972,3201,19,20,18,17,0,0,5,5,0,0,4,2,2,0,7,7,2,3,0,0,0,0,0,2,2,2,2,4,1,2,1,0,1,0
pos,16,21831939,false,2,0,3,2202.7012580603114,2248.9332775627922,74.34844444444418,74.34844444444418,2892,21,16,16,14,1,0,3,6,0,0,3,3,2,0,10,10,4,5,4,4,3,1,1,0,3,1,3,3,2,1,1,0,0,0
pos,17,21936668,true,2,0,3,2748.1881238949923,2635.9866074094916,72.98399999999972,72.98399999999972,3467,25,20,20,12,0,2,4,3,0,0,4,1,2,0,12,12,7,5,4,4,3,1,0,0,1,2,1,4,0,2,1,0,1,0
pos,18,22041397,false,1,1,1,2333.5030370345303,2251.7104384067648,74.07555555555528,74.07555555555528,2853,16,22,13,19,0,1,4,5,0,0,2,2,1,1,7,7,5,2,3,3,2,1,0,0,1,1,2,2,0,1,1,0,0,0
pos,19,22146126,true,0,1,0,2494.112422704478,2385.394718797755,74.07555555555528,74.07555555555528,2736,16,23,13,18,0,0,4,5,0,0,1,4,0,1,10,10,5,5,5,5,3,2,0,0,3,1,4,1,0,0,3,1,0,0
pos,20,22250855,false,1,2,0,2457.082652861583,2487.0400621529557,72.98399999999972,72.98399999999972,3164,24,16,19,14,0,0,3,8,0,1,1,4,1,2,7,7,2,5,2,2,0,2,0,0,2,0,4,1,1,0,1,0,0,0
pos,21,22355584,true,1,1,1,2475.9709515888085,2490.3809528192332,73.5297777777775,73.5297777777775,3215,23,20,17,16,3,0,4,5,0,0,3,4,1,1,3,3,2,1,2,2,1,1,0,0,3,2,4,3,1,1,2,1,0,0
pos,22,22460313,false,0,0,1,2131.690478683498,2063.709584399329,74.62133333333307,74.62133333333307,2350,20,15,15,14,0,0,5,4,0,0,3,4,0,0,10,10,6,3,1,1,0,1,0,1,4,3,4,3,3,2,1,1,0,0
pos,23,22565042,true,1,1,1,2647.2387165492883,2629.7998540800413,71.89244444444415,71.89244444444415,3392,20,25,16,22,1,0,5,6,0,0,3,1,1,1,6,6,1,4,1,1,0,1,1,0,0,2,1,3,0,2,0,0,0,1
pos,24,22669771,false,0,0,1,2358.916365586862,2295.5702389056337,73.2568888888886,73.2568888888886,2656,23,15,20,13,0,0,5,4,0,0,4,3,0,0,9,9,4,3,2,2,0,2,1,1,3,4,3,4,2,3,1,1,0,0
pos,25,22774500,true,2,0,3,2398.016538059191,2292.5137421725244,73.2568888888886,73.2568888888886,3009,19,22,18,16,0,0,8,2,0,0,2,1,2,0,6,6,2,3,2,2,0,2,0,1,1,0,1,2,1,0,0,0,0,0
pos,26,22879229,false,0,1,0,2266.782482404201,2324.410085932418,74.07555555555528,74.07555555555528,2672,16,19,11,14,0,0,4,5,0,0,3,3,0,1,3,3,1,2,1,1,1,0,0,0,2,3,3,3,2,3,0,0,0,0
pos,27,22983958,true,0,1,0,2021.8987598082078,2050.9867017102524,74.89422222222196,74.89422222222196,2407,13,18,13,18,0,0,6,5,0,0,4,1,0,1,1,1,1,0,0,0,0,0,0,0,0,4,1,4,0,3,0,1,0,0
pos,28,23088687,false,0,0,1,2246.525594852329,2271.7233595845055,74.62133333333307,74.62133333333307,2350,22,16,17,14,0,0,2,7,0,0,2,4,0,0,9,9,5,4,2,2,2,0,0,0,4,2,4,2,1,0,3,2,0,0
pos,29,23193416,true,0,1,0,2438.149699043643,2545.249491296679,72.98399999999972,72.98399999999972,3089,14,20,13,17,0,0,5,6,0,0,3,3,0,1,8,8,4,2,0,0,0,0,1,1,2,3,3,3,1,2,1,1,1,0
pos,30,23298145,false,1,1,1,2203.3956813978316,2152.5074511802645,74.62133333333307,74.62133333333307,2694,17,22,16,22,0,0,5,4,0,0,2,2,1,1,8,8,3,5,2,2,0,2,0,0,1,1,2,2,1,1,0,0,0,0
air,1,20261004,true,0,1,0,2103.8976781824235,2153.6505398066042,74.89422222222196,74.89422222222196,2434,17,23,12,20,0,0,3,5,0,0,0,4,0,1,6,6,2,4,1,1,0,1,0,0,3,0,4,0,1,0,2,0,1,0
air,2,20365733,false,2,0,3,2551.921094535043,2456.284021490093,73.2568888888886,73.2568888888886,3151,19,15,19,13,0,0,8,6,1,0,2,2,2,0,10,10,5,4,3,3,2,1,0,1,2,0,2,2,0,0,2,0,0,0
air,3,20470462,true,0,1,0,2436.2962548283144,2504.525849399088,72.98399999999972,72.98399999999972,2909,27,18,23,14,0,0,4,5,0,0,4,2,0,1,7,7,4,2,5,5,4,1,1,0,1,4,2,4,0,1,1,3,0,0
air,4,20575191,false,1,2,0,2626.333500166197,2743.279695961691,72.98399999999972,72.98399999999972,3434,20,21,18,16,0,0,5,6,0,0,4,5,1,2,13,13,3,9,5,5,2,3,1,0,3,3,5,4,2,3,1,0,0,0
air,5,20679920,true,1,0,3,2392.305593868933,2341.7999614794785,74.07555555555528,74.07555555555528,2617,19,27,14,24,0,0,1,3,0,0,0,3,0,0,14,14,5,9,5,5,3,2,0,0,3,0,3,0,1,0,2,0,0,0
air,6,20784649,false,1,1,1,2428.7577236595384,2459.504457597577,73.2568888888886,73.2568888888886,2947,22,19,19,18,0,0,4,6,0,1,2,4,1,1,4,4,2,2,2,2,1,1,0,0,3,1,4,2,2,1,1,0,0,0
air,7,20889378,true,0,0,1,2002.7772703650287,2023.95698916926,75.43999999999974,75.43999999999974,2143,23,16,19,13,0,0,2,4,0,0,1,2,0,0,6,6,3,3,2,2,2,0,0,0,2,1,2,1,2,1,0,0,0,0
air,8,20994107,false,0,1,0,2271.48075696838,2241.7750340243692,72.98399999999972,72.98399999999972,2749,16,18,12,14,0,0,5,5,0,0,3,2,0,1,6,6,2,3,3,3,1,2,1,0,1,3,2,3,0,3,1,0,0,0
air,9,21098836,true,1,0,3,2509.238710016651,2410.128035716513,72.16533333333305,72.16533333333305,2813,21,20,18,16,0,0,6,3,0,0,2,2,1,0,14,14,11,3,6,6,5,1,0,0,2,1,2,2,1,0,1,1,0,0
air,10,21203565,false,0,0,1,2307.312322360802,2302.7191830882225,72.16533333333305,72.16533333333305,2698,23,17,19,16,1,1,4,5,0,0,2,4,0,0,3,3,2,1,0,0,0,0,0,0,4,2,4,2,2,2,2,0,0,0
air,11,21308294,true,0,0,1,2122.532245574758,2181.2594891699027,74.62133333333307,74.62133333333307,2365,20,13,16,11,0,0,5,6,0,1,3,3,0,0,8,8,3,5,3,3,1,2,0,0,3,3,3,3,2,1,1,2,0,0
air,12,21413023,false,1,1,1,2454.9517145191553,2520.7490605029843,72.98399999999972,72.98399999999972,3117,25,16,22,13,0,0,6,5,0,0,3,2,1,1,6,6,5,0,2,2,2,0,0,1,1,2,2,3,0,1,1,1,0,0
air,13,21517752,true,2,0,3,2416.927548971149,2289.217974336683,74.07555555555528,74.07555555555528,2790,20,20,17,16,0,0,6,4,0,0,4,1,2,0,6,6,4,2,2,2,2,0,0,0,1,2,1,4,1,1,0,1,0,0
air,14,21622481,false,2,1,3,2650.0627787970657,2556.212351254055,72.98399999999972,72.98399999999972,3364,20,22,17,21,0,0,6,6,0,0,4,5,2,1,8,8,5,2,3,3,2,1,1,0,4,2,5,4,1,2,3,0,0,0
air,15,21727210,true,0,1,0,2279.1650243089643,2309.1445141105223,74.07555555555528,74.07555555555528,2635,21,13,19,12,0,0,4,8,1,0,1,7,0,1,14,14,5,9,6,6,3,3,0,0,6,1,7,1,3,1,3,0,0,0
air,16,21831939,false,1,0,3,2351.499755354613,2224.2826031994678,73.8026666666664,73.8026666666664,2731,23,17,19,15,0,1,3,4,0,0,2,2,1,0,6,6,4,2,1,1,1,0,0,0,2,1,2,2,1,1,1,0,0,0
air,17,21936668,true,2,0,3,2688.40256319277,2578.528315875689,72.98399999999972,72.98399999999972,3382,22,23,19,15,0,2,4,3,0,0,4,1,2,0,9,9,5,4,4,4,3,1,0,0,1,2,1,4,0,1,1,1,0,0
air,18,22041397,false,0,1,0,2125.799863389481,2109.674298856085,74.89422222222196,74.89422222222196,2374,13,30,10,29,0,0,2,4,0,0,0,3,0,1,5,5,1,4,1,1,0,1,0,0,2,0,3,0,1,0,1,0,0,0
air,19,22146126,true,0,1,0,2204.211482975119,2191.8208509677524,74.62133333333307,74.62133333333307,2510,13,18,11,16,0,0,4,4,0,0,2,4,0,1,7,7,1,6,3,3,0,3,0,0,3,2,4,2,1,2,2,0,0,0
air,20,22250855,false,1,0,3,2113.6449883864448,2077.8644582445027,74.89422222222196,74.89422222222196,2443,19,18,17,14,0,0,6,4,0,1,4,1,1,0,4,4,3,1,1,1,1,0,0,0,1,3,1,4,1,0,0,3,0,0
air,21,22355584,true,1,1,1,2434.8938095252192,2442.4837085776685,72.71111111111082,72.71111111111082,3178,21,19,17,17,2,0,3,6,0,0,2,5,1,1,1,1,1,0,0,0,0,0,0,0,4,1,5,2,1,1,3,0,0,0
air,22,22460313,false,2,0,3,2326.6110562109443,2302.5751411420447,74.07555555555528,74.07555555555528,2784,24,14,20,14,0,0,3,6,0,0,3,3,2,0,7,7,7,0,3,3,3,0,0,0,3,1,3,3,1,1,2,0,0,0
air,23,22565042,true,3,0,3,2602.3664455280823,2299.4277646455494,72.98399999999972,72.98399999999972,3240,20,21,16,19,0,0,6,4,0,0,5,1,3,0,6,6,3,2,0,0,0,0,1,0,1,2,1,5,1,1,0,1,0,1
air,24,22669771,false,0,0,1,2288.291458975964,2274.642692107388,74.62133333333307,74.62133333333307,2391,18,19,14,15,0,0,4,6,0,0,2,3,0,0,9,9,3,6,4,4,0,4,0,0,3,2,3,2,0,1,3,1,0,2
air,25,22774500,true,0,1,0,2512.6169447459342,2649.2051206999276,72.98399999999972,72.98399999999972,3015,24,19,18,14,1,0,2,5,0,0,0,4,0,1,7,7,5,2,2,2,2,0,0,0,3,0,4,0,2,0,1,0,0,0
air,26,22879229,false,1,1,1,2258.3104888581156,2225.0180426373477,74.07555555555528,74.07555555555528,2822,19,20,17,14,0,0,7,5,0,1,7,3,1,1,8,8,2,6,2,2,2,0,0,0,2,6,3,7,2,6,0,0,0,0
air,27,22983958,true,1,1,1,2170.4091700930903,2144.869985417357,74.62133333333307,74.62133333333307,2725,15,20,13,18,0,0,6,5,0,0,4,2,1,1,2,2,1,1,1,1,0,1,0,0,1,3,2,4,1,3,0,0,0,0
air,28,23088687,false,0,0,1,2071.3889291933333,2120.091596392996,74.34844444444418,74.34844444444418,2237,15,19,13,17,0,0,3,5,0,0,0,2,0,0,5,5,1,4,2,2,0,2,0,0,2,0,2,0,2,0,0,0,1,0
air,29,23193416,true,0,0,1,2379.7017101245265,2441.7511262923754,73.2568888888886,73.2568888888886,2668,20,16,18,14,0,0,3,7,0,0,2,5,0,0,10,10,7,2,2,2,2,0,1,0,5,2,5,2,2,1,3,1,0,0
air,30,23298145,false,0,0,1,1987.6615339508703,1980.1877735226567,74.62133333333307,74.62133333333307,2126,18,18,17,16,0,0,5,3,0,0,2,1,0,0,6,6,5,1,2,2,2,0,0,0,1,2,1,2,1,2,0,0,1,0
sta,1,20261004,true,1,0,3,2629.206132650417,2607.2767501972726,74.63911111111125,71.89244444444415,3165,19,26,18,19,0,1,7,2,0,0,1,2,1,0,7,7,3,3,3,3,2,1,0,1,2,0,2,1,1,0,1,0,0,0
sta,2,20365733,false,1,0,3,2161.8214445128124,2043.9132270862365,77.34755555555567,74.89422222222196,2419,22,15,19,13,0,0,5,6,0,0,2,4,1,0,7,7,5,2,1,1,1,0,0,0,4,1,4,2,2,1,2,0,0,0
sta,3,20470462,true,1,1,1,2399.305650834925,2434.4736676598286,76.11644444444457,73.5297777777775,2920,27,18,24,13,0,0,5,4,0,0,4,2,1,1,7,7,5,2,4,4,3,1,0,0,1,3,2,4,0,0,1,3,0,0
sta,4,20575191,false,0,2,0,2625.1473715468824,2560.6417637716745,75.62400000000012,72.98399999999972,3332,22,20,21,18,0,0,5,6,0,0,4,4,0,2,8,8,2,4,3,3,1,2,2,0,2,4,4,4,1,3,1,1,0,1
sta,5,20679920,true,1,1,1,2417.3676066677467,2340.653939780255,76.60888888888901,74.07555555555528,2857,22,18,18,15,0,0,4,3,0,0,3,2,1,1,12,12,6,6,4,4,1,3,0,0,1,2,2,3,0,1,1,1,0,0
sta,6,20784649,false,0,0,1,2646.9565014969935,2504.3402381981577,75.87022222222235,73.2568888888886,2771,23,15,17,13,0,0,5,4,0,0,3,3,0,0,7,7,4,3,3,3,1,2,0,0,3,3,3,3,2,2,1,1,0,0
sta,7,20889378,true,0,1,0,2068.397973296302,2180.500224381159,77.34755555555567,74.89422222222196,2402,24,18,19,15,0,0,2,4,0,0,0,2,0,1,8,8,3,5,3,3,2,1,0,0,1,0,2,0,1,0,0,0,0,0
sta,8,20994107,false,0,1,0,2279.2092086508364,2259.150164695979,76.60888888888901,74.07555555555528,2648,18,18,16,17,0,0,5,6,0,0,3,3,0,1,5,5,2,3,2,2,1,1,0,0,2,3,3,3,2,2,0,1,0,0
sta,9,21098836,true,2,0,3,2553.7557071961537,2414.7337116087547,76.11644444444457,73.5297777777775,3027,24,14,20,11,0,0,4,5,0,0,4,2,2,0,7,7,3,4,1,1,0,1,0,0,2,2,2,4,1,1,1,1,0,0
sta,10,21203565,false,0,1,0,2351.5871497924663,2363.7124368015097,75.62400000000012,72.98399999999972,2965,22,21,20,18,0,2,5,4,0,0,3,2,0,1,7,7,1,6,1,1,0,1,0,0,1,3,2,3,1,2,0,1,0,0
sta,11,21308294,true,0,0,1,2116.321954943771,2112.6400241161873,77.10133333333346,74.62133333333307,2344,15,18,12,17,0,0,5,5,0,0,4,3,0,0,6,6,3,2,3,3,2,1,0,1,3,4,3,4,2,2,1,2,0,0
sta,12,21413023,false,1,2,0,2707.583332863416,2794.4530345015264,75.62400000000012,72.98399999999972,3603,26,17,22,15,0,0,6,5,0,0,3,4,1,2,8,8,4,3,3,3,2,1,0,1,2,2,4,3,1,0,1,2,0,0
sta,13,21517752,true,0,0,1,2485.8681186946915,2413.1524401126044,75.62400000000012,72.98399999999972,2958,14,24,10,22,1,1,4,5,0,0,1,3,0,0,6,6,2,2,3,3,1,2,1,1,3,1,3,1,2,1,1,0,0,0
sta,14,21622481,false,2,1,3,2641.4629170190215,2501.5398635794118,75.62400000000012,72.98399999999972,3358,16,22,15,22,0,0,7,6,0,0,4,5,2,1,6,6,4,1,2,2,1,1,1,0,4,2,5,4,2,2,2,0,0,0
sta,15,21727210,true,0,1,0,2553.422582862336,2445.5877919791,75.87022222222235,73.2568888888886,2932,18,23,15,18,0,0,4,5,0,0,2,5,0,1,12,12,4,7,4,4,2,2,1,0,4,2,5,2,2,1,2,1,0,1
sta,16,21831939,false,1,0,3,2143.2520673525537,2050.8837339562797,77.34755555555567,74.89422222222196,2391,16,19,16,17,0,0,6,3,0,0,3,1,1,0,4,4,3,1,1,1,1,0,0,0,1,2,1,3,1,0,0,2,0,0
sta,17,21936668,true,2,0,3,2750.847918531115,2617.033066637836,75.62400000000012,72.98399999999972,3449,25,20,21,12,0,2,4,3,0,0,4,1,2,0,12,12,7,5,4,4,3,1,0,0,1,2,1,4,0,2,1,0,1,0
sta,18,22041397,false,1,0,3,2460.4265832117694,2364.4740861588443,75.62400000000012,72.98399999999972,2833,20,23,15,19,1,1,4,3,1,0,1,2,1,0,7,7,3,4,2,2,0,2,0,0,2,0,2,1,0,0,2,0,0,0
sta,19,22146126,true,1,0,3,2433.6668250925463,2273.0706289669283,76.3626666666668,73.8026666666664,2678,17,21,11,17,1,0,3,5,0,0,1,3,1,0,6,6,2,4,3,3,0,3,0,0,3,0,3,1,1,0,2,0,0,0
sta,20,22250855,false,1,1,1,2544.428032694135,2474.660683999907,75.87022222222235,73.2568888888886,3033,22,20,17,15,0,0,4,8,0,0,1,5,1,1,11,11,5,6,5,5,2,3,0,0,4,0,5,1,1,0,3,0,0,0
sta,21,22355584,true,2,1,3,2596.9480001461143,2581.7274678151853,74.63911111111125,71.89244444444415,3520,17,25,13,20,2,0,6,5,0,0,4,3,2,1,4,4,2,1,0,0,0,0,0,1,2,2,3,4,1,1,1,1,1,0
sta,22,22460313,false,2,0,3,2559.169495242941,2349.7058240282113,76.11644444444457,73.5297777777775,2917,19,16,18,13,0,0,6,4,0,0,2,3,2,0,8,8,5,3,1,1,0,1,0,0,3,0,3,2,0,0,3,0,0,0
sta,23,22565042,true,2,0,3,2332.9425662903936,2078.0664900684865,76.60888888888901,74.07555555555528,2716,18,20,14,19,0,0,5,4,0,0,3,2,2,0,8,8,4,3,1,1,0,1,0,0,2,1,2,3,2,1,0,0,0,0
sta,24,22669771,false,1,0,3,2583.1938182931735,2461.035801041058,75.62400000000012,72.98399999999972,2850,24,17,17,11,0,1,4,6,0,0,3,3,1,0,11,11,4,7,4,4,0,4,0,0,3,2,3,3,0,1,3,1,0,0
sta,25,22774500,true,0,1,0,2645.117245412068,2698.2151371046857,75.62400000000012,72.98399999999972,3161,23,21,17,15,1,1,2,5,0,0,0,4,0,1,8,8,3,5,4,4,1,3,0,0,3,0,4,0,1,0,2,0,0,0
sta,26,22879229,false,0,1,0,2387.26056926369,2296.798602594887,76.3626666666668,73.8026666666664,2724,18,18,16,13,0,0,7,4,0,0,5,3,0,1,6,6,2,4,2,2,2,0,0,0,2,5,3,5,2,4,0,1,0,0
sta,27,22983958,true,1,2,0,2295.6183384847327,2290.411427254529,76.11644444444457,73.5297777777775,3029,15,20,13,19,0,0,6,6,0,0,3,3,1,2,2,2,1,1,1,1,0,1,0,0,1,2,3,3,1,2,0,0,0,0
sta,28,23088687,false,0,0,1,2271.708259989472,2271.108556725195,77.10133333333346,74.62133333333307,2444,22,15,16,12,0,0,2,5,0,0,1,0,0,0,8,8,6,2,3,3,2,1,0,0,0,1,0,1,0,0,0,1,0,0
sta,29,23193416,true,1,1,1,2447.836007206124,2423.399965021565,75.87022222222235,73.2568888888886,3047,24,17,20,16,0,0,4,5,0,0,3,3,1,1,7,7,5,1,3,3,2,1,1,0,2,2,3,3,1,1,1,1,0,0
sta,30,23298145,false,1,1,1,2580.912785921588,2415.855761760846,75.62400000000012,72.98399999999972,3162,18,24,14,19,0,1,6,5,0,0,3,3,1,1,7,7,4,3,3,3,1,2,0,0,2,2,3,3,1,2,1,0,0,0
gk,1,20261004,true,0,1,0,2103.8110042673447,2153.6553713133835,74.89422222222196,74.89422222222196,2434,17,23,12,20,0,0,3,5,0,0,0,4,0,1,6,6,2,4,1,1,0,1,0,0,3,0,4,0,1,0,2,0,1,0
gk,2,20365733,false,2,1,3,2537.170769616052,2568.456289901834,73.5297777777775,73.5297777777775,3240,22,19,20,16,0,0,4,7,0,0,2,4,2,1,5,5,1,4,3,3,1,2,0,0,3,0,4,2,1,0,2,0,0,0
gk,3,20470462,true,0,1,0,2436.296069016084,2504.582078167685,72.98399999999972,72.98399999999972,2909,27,18,23,14,0,0,4,5,0,0,4,2,0,1,7,7,4,2,5,5,4,1,1,0,1,4,2,4,0,1,1,3,0,0
gk,4,20575191,false,1,2,0,2626.1254658596954,2743.2651786245397,72.98399999999972,72.98399999999972,3434,20,21,18,16,0,0,5,6,0,0,4,5,1,2,13,13,3,9,5,5,2,3,1,0,3,3,5,4,2,3,1,0,0,0
gk,5,20679920,true,1,0,3,2390.016205558997,2338.683674170925,74.07555555555528,74.07555555555528,2616,19,27,14,24,0,0,1,3,0,0,0,3,0,0,14,14,5,9,5,5,3,2,0,0,3,0,3,0,1,0,2,0,0,0
gk,6,20784649,false,1,1,1,2408.7867468024215,2438.022523480243,73.2568888888886,73.2568888888886,2908,21,18,17,17,0,0,4,6,1,0,3,5,1,1,5,5,1,4,2,2,0,2,0,0,4,2,5,3,3,1,1,1,0,0
gk,7,20889378,true,0,0,1,2002.7772703650287,2023.95698916926,75.43999999999974,75.43999999999974,2143,23,16,19,13,0,0,2,4,0,0,1,2,0,0,6,6,3,3,2,2,2,0,0,0,2,1,2,1,2,1,0,0,0,0
gk,8,20994107,false,0,2,0,2310.372632711254,2391.6427792068353,73.5297777777775,73.5297777777775,2888,15,24,13,21,0,0,5,5,0,0,3,4,0,2,4,4,1,3,1,1,0,1,0,0,2,3,4,3,0,3,2,0,0,0
gk,9,21098836,true,1,0,3,2509.2392591568423,2410.107229186056,72.16533333333305,72.16533333333305,2813,21,20,18,16,0,0,6,3,0,0,2,2,1,0,14,14,11,3,6,6,5,1,0,0,2,1,2,2,1,0,1,1,0,0
gk,10,21203565,false,0,0,1,2307.3188703209507,2302.7262699730004,72.16533333333305,72.16533333333305,2698,23,17,19,16,1,1,4,5,0,0,2,4,0,0,3,3,2,1,0,0,0,0,0,0,4,2,4,2,2,2,2,0,0,0
gk,11,21308294,true,0,0,1,2122.5333224540236,2181.2725951652515,74.62133333333307,74.62133333333307,2365,20,13,16,11,0,0,5,6,0,1,3,3,0,0,8,8,3,5,3,3,1,2,0,0,3,3,3,3,2,1,1,2,0,0
gk,12,21413023,false,1,1,1,2384.141601021539,2419.507040398233,73.2568888888886,73.2568888888886,2896,20,18,18,15,0,0,6,5,0,0,3,3,1,1,6,6,4,2,2,2,1,1,0,0,2,2,3,3,0,1,2,1,0,0
gk,13,21517752,true,1,1,1,2730.583324640012,2859.4810501997376,71.89244444444415,71.89244444444415,3717,16,23,12,20,2,0,4,7,0,0,2,5,1,1,7,7,3,2,2,2,1,1,0,2,4,1,5,2,2,0,2,1,0,0
gk,14,21622481,false,2,1,3,2650.0662285984786,2556.2172457886086,72.98399999999972,72.98399999999972,3364,20,22,17,21,0,0,6,6,0,0,4,5,2,1,8,8,5,2,3,3,2,1,1,0,4,2,5,4,1,2,3,0,0,0
gk,15,21727210,true,0,1,0,2363.4957955538507,2407.8210922400854,74.07555555555528,74.07555555555528,2663,18,23,12,19,0,0,2,7,0,0,2,7,0,1,13,13,5,8,5,5,2,3,0,0,6,2,7,2,2,2,4,0,0,0
gk,16,21831939,false,1,0,3,2351.4958672557486,2223.9557160550653,73.8026666666664,73.8026666666664,2731,23,17,19,15,0,1,3,4,0,0,2,2,1,0,6,6,4,2,1,1,1,0,0,0,2,1,2,2,1,1,1,0,0,0
gk,17,21936668,true,2,1,3,2488.808722449017,2349.328649691803,72.98399999999972,72.98399999999972,3064,22,28,16,22,0,1,3,4,0,0,3,1,2,1,13,13,3,10,6,6,1,5,0,0,0,1,1,3,0,1,0,0,0,0
gk,18,22041397,false,0,1,0,2125.799863389481,2109.674298856085,74.89422222222196,74.89422222222196,2374,13,30,10,29,0,0,2,4,0,0,0,3,0,1,5,5,1,4,1,1,0,1,0,0,2,0,3,0,1,0,1,0,0,0
gk,19,22146126,true,0,1,0,2204.211482975119,2191.8208509677524,74.62133333333307,74.62133333333307,2510,13,18,11,16,0,0,4,4,0,0,2,4,0,1,7,7,1,6,3,3,0,3,0,0,3,2,4,2,1,2,2,0,0,0
gk,20,22250855,false,0,1,0,2474.0696988672007,2554.2818749685757,73.2568888888886,73.2568888888886,2966,22,18,16,16,1,0,2,9,0,0,0,7,0,1,8,8,4,4,4,4,1,3,0,0,6,0,7,0,2,0,4,0,0,0
gk,21,22355584,true,0,0,1,2581.6509332371725,2530.775048125919,73.2568888888886,73.2568888888886,2931,20,24,14,18,1,0,2,3,0,0,2,1,0,0,11,11,5,5,3,3,1,2,0,1,1,2,1,2,1,0,0,2,0,0
gk,22,22460313,false,1,0,3,2321.9501046295577,2368.990575885226,73.5297777777775,73.5297777777775,2755,21,22,15,20,1,0,1,5,0,0,1,3,1,0,7,7,4,3,2,2,2,0,0,0,3,0,3,1,2,0,1,0,0,0
gk,23,22565042,true,3,0,3,2602.366850557993,2299.4332078396187,72.98399999999972,72.98399999999972,3240,20,21,16,19,0,0,6,4,0,0,5,1,3,0,6,6,3,2,0,0,0,0,1,0,1,2,1,5,1,1,0,1,0,1
gk,24,22669771,false,0,0,1,2288.394553552663,2274.786237526988,74.62133333333307,74.62133333333307,2391,18,19,14,15,0,0,4,6,0,0,2,3,0,0,9,9,3,6,4,4,0,4,0,0,3,2,3,2,0,1,3,1,0,2
gk,25,22774500,true,0,1,0,2298.8354458780855,2380.9434300760868,74.07555555555528,74.07555555555528,2749,23,18,17,14,1,0,2,5,0,0,1,3,0,1,7,7,3,4,1,1,1,0,0,0,2,1,3,1,2,1,0,0,0,0
gk,26,22879229,false,0,1,0,2662.17393660825,2570.611684314078,72.98399999999972,72.98399999999972,3246,14,24,10,19,1,0,6,5,0,0,4,4,0,1,8,8,1,6,2,2,1,1,1,0,3,4,4,4,2,2,1,2,1,0
gk,27,22983958,true,0,2,0,2184.0033177364144,2313.4540348495257,74.07555555555528,74.07555555555528,2777,17,17,13,14,0,0,5,4,0,0,3,2,0,1,4,4,3,1,1,1,0,1,0,0,1,3,2,3,1,2,0,1,0,0
gk,28,23088687,false,0,0,1,2071.400686133266,2120.0981653548847,74.34844444444418,74.34844444444418,2237,15,19,13,17,0,0,3,5,0,0,0,2,0,0,5,5,1,4,2,2,0,2,0,0,2,0,2,0,2,0,0,0,1,0
gk,29,23193416,true,0,0,1,2379.7012740848472,2441.752946152013,73.2568888888886,73.2568888888886,2668,20,16,18,14,0,0,3,7,0,0,2,5,0,0,10,10,7,2,2,2,2,0,1,0,5,2,5,2,2,1,3,1,0,0
gk,30,23298145,false,0,0,1,1984.2358424293486,1973.6682143063992,75.43999999999974,75.43999999999974,2110,18,21,16,19,0,0,4,3,0,0,2,1,0,0,6,6,4,2,2,2,1,1,0,0,1,2,1,2,1,2,0,0,1,0
